iter,pos,0.000000e+000,2.000000e-002,4.000000e-002,6.000000e-002,8.000000e-002,1.000000e-001,1.200000e-001,1.400000e-001,1.600000e-001,1.800000e-001,2.000000e-001,2.200000e-001,2.400000e-001,2.600000e-001,2.800000e-001,3.000000e-001,3.200000e-001,3.400000e-001,3.600000e-001,3.800000e-001,4.000000e-001,4.200000e-001,4.400000e-001,4.600000e-001,4.800000e-001,5.000000e-001,5.200000e-001,5.400000e-001,5.600000e-001,5.800000e-001,6.000000e-001,6.200000e-001,6.400000e-001,6.600000e-001,6.800000e-001,7.000000e-001,7.200000e-001,7.400000e-001,7.600000e-001,7.800000e-001,8.000000e-001,8.200000e-001,8.400000e-001,8.600000e-001,8.800000e-001,9.000000e-001,9.200000e-001,9.400000e-001,9.600000e-001,9.800000e-001,1.000000e+000
0,0,0.000000e+000,0.000000e+000,0.000000e+000,0.000000e+000,0.000000e+000,0.000000e+000,0.000000e+000,0.000000e+000,0.000000e+000,0.000000e+000,0.000000e+000,0.000000e+000,0.000000e+000,0.000000e+000,0.000000e+000,0.000000e+000,0.000000e+000,0.000000e+000,0.000000e+000,0.000000e+000,0.000000e+000,0.000000e+000,0.000000e+000,0.000000e+000,0.000000e+000,0.000000e+000,0.000000e+000,0.000000e+000,0.000000e+000,0.000000e+000,0.000000e+000,0.000000e+000,0.000000e+000,0.000000e+000,0.000000e+000,0.000000e+000,0.000000e+000,0.000000e+000,0.000000e+000,0.000000e+000,0.000000e+000,0.000000e+000,0.000000e+000,0.000000e+000,0.000000e+000,0.000000e+000,0.000000e+000,0.000000e+000,0.000000e+000,0.000000e+000,1.000000e+000
100,10.000000,3.461545e-020,3.548439e-019,1.315529e-018,5.588381e-018,2.500185e-017,1.137975e-016,5.188781e-016,2.350114e-015,1.051601e-014,4.630969e-014,2.001011e-013,8.462668e-013,3.495519e-012,1.407418e-011,5.513994e-011,2.098509e-010,7.745684e-010,2.768482e-009,9.567666e-009,3.192430e-008,1.027010e-007,3.181069e-007,9.474263e-007,2.709861e-006,7.434717e-006,1.954439e-005,4.918006e-005,1.183555e-004,2.722114e-004,5.980011e-004,1.254349e-003,2.511843e-003,4.802482e-003,8.769846e-003,1.530539e-002,2.555169e-002,4.085437e-002,6.265326e-002,9.231937e-002,1.309629e-001,1.792515e-001,2.372815e-001,3.045325e-001,3.799181e-001,4.619188e-001,5.487688e-001,6.386584e-001,7.299184e-001,8.211634e-001,9.113853e-001,1.000000e+000
200,20.000000,2.222352e-012,3.651656e-012,7.939567e-012,2.009932e-011,5.379890e-011,1.466862e-010,4.008715e-010,1.088754e-009,2.923532e-009,7.734016e-009,2.010449e-008,5.124988e-008,1.279056e-007,3.120929e-007,7.436377e-007,1.728523e-006,3.915924e-006,8.639635e-006,1.855068e-005,3.874098e-005,7.865213e-005,1.551683e-004,2.973804e-004,5.535329e-004,1.000561e-003,1.756321e-003,2.994049e-003,4.957788e-003,7.976567e-003,1.247421e-002,1.897118e-002,2.807493e-002,4.045645e-002,5.681245e-002,7.781555e-002,1.040571e-001,1.359896e-001,1.738772e-001,2.177606e-001,2.674427e-001,3.224967e-001,3.822959e-001,4.460602e-001,5.129145e-001,5.819506e-001,6.522866e-001,7.231187e-001,7.937616e-001,8.636772e-001,9.324911e-001,1.000000e+000
300,30.000000,5.202887e-009,6.614035e-009,1.084748e-008,2.051088e-008,4.121475e-008,8.476361e-008,1.753821e-007,3.618638e-007,7.407111e-007,1.499146e-006,2.993046e-006,5.884450e-006,1.137741e-005,2.161073e-005,4.029185e-005,7.368675e-005,1.321131e-004,2.321101e-004,3.994697e-004,6.732915e-004,1.111155e-003,1.795374e-003,2.840083e-003,4.398669e-003,6.670723e-003,9.907445e-003,1.441422e-002,2.054902e-002,2.871557e-002,3.935053e-002,5.290471e-002,6.981917e-002,9.049778e-002,1.152788e-001,1.444081e-001,1.780172e-001,2.161082e-001,2.585478e-001,3.050708e-001,3.552933e-001,4.087336e-001,4.648387e-001,5.230149e-001,5.826583e-001,6.431844e-001,7.040536e-001,7.647919e-001,8.250071e-001,8.843988e-001,9.427641e-001,1.000000e+000
400,40.000000,4.180946e-007,4.818426e-007,6.730865e-007,1.062255e-006,1.783060e-006,3.076796e-006,5.363302e-006,9.357001e-006,1.625149e-005,2.800570e-005,4.777662e-005,8.055652e-005,1.340863e-004,2.201267e-004,3.561740e-004,5.676980e-004,8.909574e-004,1.376399e-003,2.092575e-003,3.130408e-003,4.607526e-003,6.672243e-003,9.506668e-003,1.332831e-002,1.838957e-002,2.497456e-002,3.339277e-002,4.396959e-002,5.703373e-002,7.290214e-002,9.186341e-002,1.141608e-001,1.399764e-001,1.694173e-001,2.025063e-001,2.391762e-001,2.792703e-001,3.225471e-001,3.686908e-001,4.173251e-001,4.680299e-001,5.203603e-001,5.738647e-001,6.281035e-001,6.826643e-001,7.371761e-001,7.913196e-001,8.448353e-001,8.975281e-001,9.492697e-001,1.000000e+000
500,50.000000,6.885637e-006,7.561154e-006,9.587707e-006,1.345020e-005,2.000659e-005,3.066935e-005,4.765587e-005,7.435385e-005,1.158376e-004,1.795765e-004,2.763817e-004,4.216360e-004,6.368473e-004,9.515493e-004,1.405549e-003,2.051483e-003,2.957586e-003,4.210537e-003,5.918147e-003,8.211634e-003,1.124714e-002,1.520616e-002,2.029450e-002,2.673954e-002,3.478554e-002,4.468701e-002,5.670021e-002,7.107316e-002,8.803465e-002,1.077829e-001,1.304746e-001,1.562155e-001,1.850523e-001,2.169681e-001,2.518801e-001,2.896408e-001,3.300430e-001,3.728264e-001,4.176879e-001,4.642929e-001,5.122879e-001,5.613131e-001,6.110149e-001,6.610568e-001,7.111300e-001,7.609606e-001,8.103163e-001,8.590109e-001,9.069066e-001,9.539155e-001,1.000000e+000
600,60.000000,4.770766e-005,5.097532e-005,6.077832e-005,7.873287e-005,1.075804e-004,1.515828e-004,2.169998e-004,3.127318e-004,4.511566e-004,6.491816e-004,9.295235e-004,1.322219e-003,1.866347e-003,2.611919e-003,3.621857e-003,4.973962e-003,6.762700e-003,9.100646e-003,1.211937e-002,1.596954e-002,2.082006e-002,2.685603e-002,3.427545e-002,4.328460e-002,5.409219e-002,6.690249e-002,8.190757e-002,9.927928e-002,1.191613e-001,1.416615e-001,1.668459e-001,1.947337e-001,2.252943e-001,2.584462e-001,2.940589e-001,3.319560e-001,3.719206e-001,4.137027e-001,4.570269e-001,5.016020e-001,5.471299e-001,5.933147e-001,6.398715e-001,6.865336e-001,7.330592e-001,7.792366e-001,8.248883e-001,8.698734e-001,9.140894e-001,9.574730e-001,1.000000e+000
700,70.000000,1.961835e-004,2.061009e-004,2.358528e-004,2.889683e-004,3.712753e-004,4.915041e-004,6.619167e-004,8.991082e-004,1.224985e-003,1.667913e-003,2.264009e-003,3.058547e-003,4.107399e-003,5.478455e-003,7.252900e-003,9.526230e-003,1.240888e-002,1.602629e-002,2.051834e-002,2.603790e-002,3.274861e-002,4.082167e-002,5.043170e-002,6.175192e-002,7.494856e-002,9.017494e-002,1.075654e-001,1.272293e-001,1.492459e-001,1.736597e-001,2.004772e-001,2.296648e-001,2.611484e-001,2.948147e-001,3.305135e-001,3.680621e-001,4.072504e-001,4.478469e-001,4.896058e-001,5.322739e-001,5.755972e-001,6.193285e-001,6.632325e-001,7.070920e-001,7.507118e-001,7.939227e-001,8.365841e-001,8.785856e-001,9.198483e-001,9.603249e-001,1.000000e+000
800,80.000000,5.757315e-004,5.980992e-004,6.652023e-004,7.829562e-004,9.609604e-004,1.213237e-003,1.558886e-003,2.022868e-003,2.636918e-003,3.440548e-003,4.482095e-003,5.819757e-003,7.522535e-003,9.671006e-003,1.235781e-002,1.568778e-002,1.977759e-002,2.475483e-002,3.075651e-002,3.792678e-002,4.641413e-002,5.636783e-002,6.793392e-002,8.125071e-002,9.644413e-002,1.136230e-001,1.328747e-001,1.542606e-001,1.778135e-001,2.035345e-001,2.313917e-001,2.613201e-001,2.932219e-001,3.269693e-001,3.624068e-001,3.993556e-001,4.376182e-001,4.769837e-001,5.172330e-001,5.581448e-001,5.995008e-001,6.410907e-001,6.827170e-001,7.241986e-001,7.653744e-001,8.061057e-001,8.462781e-001,8.858030e-001,9.246178e-001,9.626866e-001,1.000000e+000
900,90.000000,1.342161e-003,1.383494e-003,1.507494e-003,1.722491e-003,2.041843e-003,2.484723e-003,3.076680e-003,3.850273e-003,4.845766e-003,6.111836e-003,7.706246e-003,9.696413e-003,1.215980e-002,1.518407e-002,1.886689e-002,2.331538e-002,2.864506e-002,3.497839e-002,4.244269e-002,5.116763e-002,6.128230e-002,7.291179e-002,8.617360e-002,1.011739e-001,1.180036e-001,1.367352e-001,1.574192e-001,1.800816e-001,2.047219e-001,2.313120e-001,2.597958e-001,2.900898e-001,3.220846e-001,3.556471e-001,3.906240e-001,4.268446e-001,4.641260e-001,5.022765e-001,5.411008e-001,5.804043e-001,6.199970e-001,6.596980e-001,6.993387e-001,7.387656e-001,7.778433e-001,8.164558e-001,8.545083e-001,8.919281e-001,9.286647e-001,9.646904e-001,1.000000e+000
1000,100.000000,2.656063e-003,2.722502e-003,2.921818e-003,3.264420e-003,3.766852e-003,4.452564e-003,5.352313e-003,6.504568e-003,7.955918e-003,9.761435e-003,1.198494e-002,1.469912e-002,1.798543e-002,2.193370e-002,2.664150e-002,3.221307e-002,3.875787e-002,4.638882e-002,5.522005e-002,6.536441e-002,7.693064e-002,9.002038e-002,1.047251e-001,1.211229e-001,1.392760e-001,1.592277e-001,1.810004e-001,2.045940e-001,2.299849e-001,2.571255e-001,2.859446e-001,3.163486e-001,3.482231e-001,3.814356e-001,4.158379e-001,4.512696e-001,4.875619e-001,5.245409e-001,5.620318e-001,5.998620e-001,6.378650e-001,6.758831e-001,7.137706e-001,7.513957e-001,7.886427e-001,8.254132e-001,8.616274e-001,8.972245e-001,9.321635e-001,9.664227e-001,1.000000e+000
1100,110.000000,4.658915e-003,4.755461e-003,5.045099e-003,5.539766e-003,6.258317e-003,7.227233e-003,8.480830e-003,1.006143e-002,1.201946e-002,1.441352e-002,1.731024e-002,2.078400e-002,2.491651e-002,2.979596e-002,3.551611e-002,4.217484e-002,4.987265e-002,5.871063e-002,6.878837e-002,8.020153e-002,9.303937e-002,1.073821e-001,1.232985e-001,1.408432e-001,1.600548e-001,1.809539e-001,2.035418e-001,2.277995e-001,2.536869e-001,2.811440e-001,3.100904e-001,3.404278e-001,3.720410e-001,4.048005e-001,4.385653e-001,4.731855e-001,5.085056e-001,5.443677e-001,5.806143e-001,6.170916e-001,6.536522e-001,6.901576e-001,7.264804e-001,7.625060e-001,7.981343e-001,8.332810e-001,8.678778e-001,9.018736e-001,9.352343e-001,9.679431e-001,1.000000e+000
1200,120.000000,7.458768e-003,7.588926e-003,7.979400e-003,8.643045e-003,9.600070e-003,1.087866e-002,1.251499e-002,1.455321e-002,1.704527e-002,2.005068e-002,2.363608e-002,2.787471e-002,3.284561e-002,3.863263e-002,4.532317e-002,5.300675e-002,6.177330e-002,7.171127e-002,8.290559e-002,9.543552e-002,1.093725e-001,1.247778e-001,1.417007e-001,1.601766e-001,1.802253e-001,2.018498e-001,2.250353e-001,2.497490e-001,2.759400e-001,3.035400e-001,3.324638e-001,3.626114e-001,3.938693e-001,4.261128e-001,4.592084e-001,4.930165e-001,5.273939e-001,5.621966e-001,5.972822e-001,6.325128e-001,6.677569e-001,7.028918e-001,7.378050e-001,7.723960e-001,8.065775e-001,8.402760e-001,8.734330e-001,9.060047e-001,9.379627e-001,9.692938e-001,1.000000e+000
1300,130.000000,1.112524e-002,1.129098e-002,1.178820e-002,1.263009e-002,1.383732e-002,1.543856e-002,1.747035e-002,1.997689e-002,2.300965e-002,2.662694e-002,3.089324e-002,3.587845e-002,4.165691e-002,4.830626e-002,5.590608e-002,6.453639e-002,7.427599e-002,8.520068e-002,9.738136e-002,1.108822e-001,1.257586e-001,1.420556e-001,1.598062e-001,1.790299e-001,1.997314e-001,2.219001e-001,2.455093e-001,2.705165e-001,2.968634e-001,3.244764e-001,3.532686e-001,3.831401e-001,4.139805e-001,4.456706e-001,4.780847e-001,5.110928e-001,5.445627e-001,5.783627e-001,6.123636e-001,6.464409e-001,6.804767e-001,7.143611e-001,7.479944e-001,7.812876e-001,8.141638e-001,8.465585e-001,8.784208e-001,9.097132e-001,9.404118e-001,9.705063e-001,1.000000e+000
1400,140.000000,1.569105e-002,1.589296e-002,1.649868e-002,1.752126e-002,1.898108e-002,2.090629e-002,2.333254e-002,2.630266e-002,2.986610e-002,3.407836e-002,3.900014e-002,4.469651e-002,5.123575e-002,5.868815e-002,6.712469e-002,7.661549e-002,8.722823e-002,9.902656e-002,1.120684e-001,1.264041e-001,1.420752e-001,1.591129e-001,1.775363e-001,1.973521e-001,2.185531e-001,2.411182e-001,2.650118e-001,2.901846e-001,3.165732e-001,3.441016e-001,3.726822e-001,4.022170e-001,4.325994e-001,4.637160e-001,4.954484e-001,5.276755e-001,5.602752e-001,5.931267e-001,6.261121e-001,6.591185e-001,6.920394e-001,7.247761e-001,7.572392e-001,7.893494e-001,8.210385e-001,8.522496e-001,8.829380e-001,9.130713e-001,9.426293e-001,9.716040e-001,1.000000e+000
1500,150.000000,2.115714e-002,2.139466e-002,2.210724e-002,2.330740e-002,2.501463e-002,2.725579e-002,3.006471e-002,3.348177e-002,3.755331e-002,4.233086e-002,4.787028e-002,5.423079e-002,6.147382e-002,6.966178e-002,7.885674e-002,8.911894e-002,1.005054e-001,1.130683e-001,1.268537e-001,1.418999e-001,1.582362e-001,1.758818e-001,1.948446e-001,2.151206e-001,2.366934e-001,2.595337e-001,2.835995e-001,3.088364e-001,3.351783e-001,3.625479e-001,3.908584e-001,4.200142e-001,4.499130e-001,4.804471e-001,5.115052e-001,5.429743e-001,5.747413e-001,6.066950e-001,6.387275e-001,6.707357e-001,7.026230e-001,7.343003e-001,7.656870e-001,7.967119e-001,8.273141e-001,8.574431e-001,8.870594e-001,9.161348e-001,9.446520e-001,9.726054e-001,1.000000e+000
1600,160.000000,2.749917e-002,2.777090e-002,2.858610e-002,2.995648e-002,3.190025e-002,3.444239e-002,3.761427e-002,4.145312e-002,4.600136e-002,5.130585e-002,5.741693e-002,6.438744e-002,7.227160e-002,8.112375e-002,9.099711e-002,1.019424e-001,1.140065e-001,1.272312e-001,1.416518e-001,1.572958e-001,1.741820e-001,1.923195e-001,2.117068e-001,2.323313e-001,2.541692e-001,2.771850e-001,3.013319e-001,3.265523e-001,3.527783e-001,3.799328e-001,4.079301e-001,4.366778e-001,4.660779e-001,4.960282e-001,5.264240e-001,5.571598e-001,5.881305e-001,6.192334e-001,6.503693e-001,6.814439e-001,7.123691e-001,7.430637e-001,7.734549e-001,8.034785e-001,8.330795e-001,8.622130e-001,8.908439e-001,9.189475e-001,9.465092e-001,9.735247e-001,1.000000e+000
1700,170.000000,3.467411e-002,3.497802e-002,3.588974e-002,3.742000e-002,3.958544e-002,4.240882e-002,4.591859e-002,5.014838e-002,5.513627e-002,6.092403e-002,6.755616e-002,7.507891e-002,8.353919e-002,9.298340e-002,1.034562e-001,1.149993e-001,1.276503e-001,1.414413e-001,1.563980e-001,1.725386e-001,1.898727e-001,2.084009e-001,2.281137e-001,2.489919e-001,2.710055e-001,2.941143e-001,3.182682e-001,3.434075e-001,3.694636e-001,3.963597e-001,4.240125e-001,4.523325e-001,4.812261e-001,5.105963e-001,5.403447e-001,5.703723e-001,6.005815e-001,6.308771e-001,6.611674e-001,6.913659e-001,7.213917e-001,7.511709e-001,7.806370e-001,8.097318e-001,8.384059e-001,8.666186e-001,8.943388e-001,9.215447e-001,9.482239e-001,9.743735e-001,1.000000e+000
1800,180.000000,4.262608e-002,4.295972e-002,4.396066e-002,4.563852e-002,4.800821e-002,5.109004e-002,5.490936e-002,5.949593e-002,6.488330e-002,7.110798e-002,7.820855e-002,8.622470e-002,9.519619e-002,1.051617e-001,1.161579e-001,1.282181e-001,1.413712e-001,1.556408e-001,1.710440e-001,1.875906e-001,2.052826e-001,2.241132e-001,2.440665e-001,2.651175e-001,2.872316e-001,3.103651e-001,3.344655e-001,3.594717e-001,3.853151e-001,4.119202e-001,4.392056e-001,4.670853e-001,4.954697e-001,5.242670e-001,5.533842e-001,5.827287e-001,6.122092e-001,6.417374e-001,6.712283e-001,7.006020e-001,7.297842e-001,7.587070e-001,7.873098e-001,8.155395e-001,8.433511e-001,8.707081e-001,8.975825e-001,9.239550e-001,9.498152e-001,9.751612e-001,1.000000e+000
1900,190.000000,5.129118e-002,5.165190e-002,5.273407e-002,5.454615e-002,5.710126e-002,6.041719e-002,6.451607e-002,6.942376e-002,7.516922e-002,8.178375e-002,8.930010e-002,9.775161e-002,1.071712e-001,1.175902e-001,1.290379e-001,1.415397e-001,1.551168e-001,1.697849e-001,1.855537e-001,2.024259e-001,2.203964e-001,2.394525e-001,2.595728e-001,2.807277e-001,3.028790e-001,3.259804e-001,3.499774e-001,3.748086e-001,4.004058e-001,4.266947e-001,4.535965e-001,4.810284e-001,5.089047e-001,5.371383e-001,5.656414e-001,5.943270e-001,6.231098e-001,6.519071e-001,6.806404e-001,7.092354e-001,7.376237e-001,7.657426e-001,7.935366e-001,8.209570e-001,8.479628e-001,8.745210e-001,9.006064e-001,9.262018e-001,9.512985e-001,9.758955e-001,1.000000e+000
2000,200.000000,6.060140e-002,6.098644e-002,6.214155e-002,6.407405e-002,6.679522e-002,7.032038e-002,7.466844e-002,7.986143e-002,8.592382e-002,9.288184e-002,1.007627e-001,1.095935e-001,1.194009e-001,1.302095e-001,1.420414e-001,1.549151e-001,1.688447e-001,1.838390e-001,1.999010e-001,2.170269e-001,2.352062e-001,2.544207e-001,2.746446e-001,2.958446e-001,3.179796e-001,3.410011e-001,3.648540e-001,3.894763e-001,4.148006e-001,4.407546e-001,4.672615e-001,4.942418e-001,5.216136e-001,5.492942e-001,5.772004e-001,6.052505e-001,6.333642e-001,6.614646e-001,6.894781e-001,7.173361e-001,7.449748e-001,7.723366e-001,7.993700e-001,8.260306e-001,8.522808e-001,8.780904e-001,9.034368e-001,9.283048e-001,9.526867e-001,9.765826e-001,1.000000e+000
2100,210.000000,7.048753e-002,7.089412e-002,7.211390e-002,7.415303e-002,7.702106e-002,8.073084e-002,8.529822e-002,9.074149e-002,9.708085e-002,1.043377e-001,1.125340e-001,1.216912e-001,1.318298e-001,1.429682e-001,1.551222e-001,1.683039e-001,1.825210e-001,1.977761e-001,2.140664e-001,2.313827e-001,2.497094e-001,2.690238e-001,2.892966e-001,3.104913e-001,3.325645e-001,3.554665e-001,3.791413e-001,4.035274e-001,4.285581e-001,4.541628e-001,4.802673e-001,5.067951e-001,5.336679e-001,5.608068e-001,5.881333e-001,6.155700e-001,6.430417e-001,6.704760e-001,6.978044e-001,7.249628e-001,7.518919e-001,7.785383e-001,8.048545e-001,8.307993e-001,8.563384e-001,8.814440e-001,9.060958e-001,9.302802e-001,9.539907e-001,9.772281e-001,1.000000e+000
2200,220.000000,8.088127e-002,8.130673e-002,8.258310e-002,8.471549e-002,8.771173e-002,9.158237e-002,9.634031e-002,1.020003e-001,1.085786e-001,1.160920e-001,1.245575e-001,1.339914e-001,1.444085e-001,1.558217e-001,1.682409e-001,1.816724e-001,1.961182e-001,2.115756e-001,2.280365e-001,2.454869e-001,2.639070e-001,2.832705e-001,3.035448e-001,3.246910e-001,3.466640e-001,3.694131e-001,3.928820e-001,4.170095e-001,4.417303e-001,4.669753e-001,4.926729e-001,5.187493e-001,5.451296e-001,5.717388e-001,5.985021e-001,6.253466e-001,6.522013e-001,6.789981e-001,7.056730e-001,7.321658e-001,7.584214e-001,7.843900e-001,8.100276e-001,8.352961e-001,8.601638e-001,8.846053e-001,9.086021e-001,9.321421e-001,9.552198e-001,9.778365e-001,1.000000e+000
2300,230.000000,9.171673e-002,9.215849e-002,9.348376e-002,9.569663e-002,9.880334e-002,1.028123e-001,1.077335e-001,1.135787e-001,1.203601e-001,1.280905e-001,1.367822e-001,1.464468e-001,1.570941e-001,1.687316e-001,1.813641e-001,1.949926e-001,2.096143e-001,2.252215e-001,2.418016e-001,2.593366e-001,2.778028e-001,2.971710e-001,3.174058e-001,3.384665e-001,3.603067e-001,3.828749e-001,4.061148e-001,4.299659e-001,4.543640e-001,4.792419e-001,5.045302e-001,5.301579e-001,5.560532e-001,5.821446e-001,6.083610e-001,6.346332e-001,6.608941e-001,6.870799e-001,7.131300e-001,7.389882e-001,7.646030e-001,7.899278e-001,8.149216e-001,8.395492e-001,8.637812e-001,8.875944e-001,9.109716e-001,9.339022e-001,9.563816e-001,9.784116e-001,1.000000e+000
2400,240.000000,1.029314e-001,1.033871e-001,1.047540e-001,1.070353e-001,1.102358e-001,1.143619e-001,1.194211e-001,1.254219e-001,1.323732e-001,1.402840e-001,1.491623e-001,1.590154e-001,1.698484e-001,1.816644e-001,1.944631e-001,2.082413e-001,2.229914e-001,2.387017e-001,2.553554e-001,2.729312e-001,2.914022e-001,3.107363e-001,3.308963e-001,3.518398e-001,3.735194e-001,3.958832e-001,4.188752e-001,4.424354e-001,4.665011e-001,4.910068e-001,5.158853e-001,5.410681e-001,5.664865e-001,5.920719e-001,6.177569e-001,6.434756e-001,6.691646e-001,6.947635e-001,7.202154e-001,7.454673e-001,7.704709e-001,7.951827e-001,8.195644e-001,8.435831e-001,8.672116e-001,8.904284e-001,9.132181e-001,9.355709e-001,9.574831e-001,9.789568e-001,1.000000e+000
2500,250.000000,1.144668e-001,1.149341e-001,1.163359e-001,1.186746e-001,1.219534e-001,1.261770e-001,1.313506e-001,1.374798e-001,1.445705e-001,1.526280e-001,1.616567e-001,1.716598e-001,1.826383e-001,1.945911e-001,2.075139e-001,2.213991e-001,2.362352e-001,2.520069e-001,2.686941e-001,2.862721e-001,3.047115e-001,3.239780e-001,3.440326e-001,3.648317e-001,3.863272e-001,4.084671e-001,4.311955e-001,4.544535e-001,4.781794e-001,5.023097e-001,5.267791e-001,5.515217e-001,5.764714e-001,6.015627e-001,6.267311e-001,6.519141e-001,6.770515e-001,7.020860e-001,7.269639e-001,7.516354e-001,7.760549e-001,8.001817e-001,8.239798e-001,8.474186e-001,8.704728e-001,8.931225e-001,9.153534e-001,9.371569e-001,9.585299e-001,9.794749e-001,1.000000e+000
2600,260.000000,1.262688e-001,1.267456e-001,1.281761e-001,1.305618e-001,1.339048e-001,1.382078e-001,1.434742e-001,1.497069e-001,1.569090e-001,1.650826e-001,1.742287e-001,1.843469e-001,1.954346e-001,2.074868e-001,2.204956e-001,2.344496e-001,2.493342e-001,2.651304e-001,2.818154e-001,2.993618e-001,3.177379e-001,3.369076e-001,3.568305e-001,3.774620e-001,3.987535e-001,4.206530e-001,4.431051e-001,4.660518e-001,4.894327e-001,5.131858e-001,5.372480e-001,5.615557e-001,5.860452e-001,6.106539e-001,6.353200e-001,6.599840e-001,6.845886e-001,7.090796e-001,7.334061e-001,7.575209e-001,7.813811e-001,8.049484e-001,8.281890e-001,8.510743e-001,8.735806e-001,8.956895e-001,9.173879e-001,9.386680e-001,9.595273e-001,9.799686e-001,1.000000e+000
2700,270.000000,1.382875e-001,1.387720e-001,1.402255e-001,1.426488e-001,1.460428e-001,1.504090e-001,1.557484e-001,1.620620e-001,1.693501e-001,1.776120e-001,1.868457e-001,1.970476e-001,2.082117e-001,2.203298e-001,2.333905e-001,2.473796e-001,2.622790e-001,2.780672e-001,2.947186e-001,3.122037e-001,3.304889e-001,3.495365e-001,3.693050e-001,3.897491e-001,4.108199e-001,4.324654e-001,4.546309e-001,4.772593e-001,5.002914e-001,5.236669e-001,5.473247e-001,5.712031e-001,5.952411e-001,6.193782e-001,6.435557e-001,6.677164e-001,6.918060e-001,7.157728e-001,7.395685e-001,7.631484e-001,7.864721e-001,8.095033e-001,8.322103e-001,8.545662e-001,8.765487e-001,8.981409e-001,9.193307e-001,9.401109e-001,9.604797e-001,9.804400e-001,1.000000e+000
2800,280.000000,1.504775e-001,1.509680e-001,1.524393e-001,1.548917e-001,1.583251e-001,1.627393e-001,1.681340e-001,1.745079e-001,1.818591e-001,1.901843e-001,1.994788e-001,2.097361e-001,2.209473e-001,2.331013e-001,2.461837e-001,2.601776e-001,2.750623e-001,2.908136e-001,3.074040e-001,3.248019e-001,3.429722e-001,3.618758e-001,3.814704e-001,4.017102e-001,4.225461e-001,4.439265e-001,4.657972e-001,4.881019e-001,5.107830e-001,5.337815e-001,5.570382e-001,5.804934e-001,6.040883e-001,6.277648e-001,6.514666e-001,6.751390e-001,6.987301e-001,7.221906e-001,7.454747e-001,7.685400e-001,7.913481e-001,8.138647e-001,8.360599e-001,8.579084e-001,8.793893e-001,9.004868e-001,9.211896e-001,9.414915e-001,9.613909e-001,9.808910e-001,1.000000e+000
2900,290.000000,1.627978e-001,1.632926e-001,1.647772e-001,1.672508e-001,1.707129e-001,1.751618e-001,1.805956e-001,1.870114e-001,1.944051e-001,2.027711e-001,2.121024e-001,2.223898e-001,2.336220e-001,2.457851e-001,2.588625e-001,2.728344e-001,2.876782e-001,3.033675e-001,3.198727e-001,3.371608e-001,3.551952e-001,3.739360e-001,3.933401e-001,4.133613e-001,4.339507e-001,4.550568e-001,4.766261e-001,4.986035e-001,5.209323e-001,5.435552e-001,5.664146e-001,5.894529e-001,6.126132e-001,6.358396e-001,6.590781e-001,6.822762e-001,7.053843e-001,7.283554e-001,7.511457e-001,7.737150e-001,7.960268e-001,8.180486e-001,8.397521e-001,8.611134e-001,8.821130e-001,9.027359e-001,9.229718e-001,9.428151e-001,9.622644e-001,9.813234e-001,1.000000e+000
3000,300.000000,1.752112e-001,1.757090e-001,1.772024e-001,1.796905e-001,1.831716e-001,1.876431e-001,1.931017e-001,1.995428e-001,2.069605e-001,2.153472e-001,2.246938e-001,2.349888e-001,2.462187e-001,2.583674e-001,2.714158e-001,2.853424e-001,3.001222e-001,3.157272e-001,3.321262e-001,3.492849e-001,3.671655e-001,3.857273e-001,4.049267e-001,4.247174e-001,4.450504e-001,4.658749e-001,4.871379e-001,5.087852e-001,5.307615e-001,5.530110e-001,5.754774e-001,5.981052e-001,6.208392e-001,6.436258e-001,6.664127e-001,6.891498e-001,7.117894e-001,7.342867e-001,7.565999e-001,7.786905e-001,8.005239e-001,8.220692e-001,8.432995e-001,8.641923e-001,8.847292e-001,9.048961e-001,9.246835e-001,9.440862e-001,9.631034e-001,9.817386e-001,1.000000e+000
3100,310.000000,1.876843e-001,1.881838e-001,1.896825e-001,1.921787e-001,1.956703e-001,2.001536e-001,2.056240e-001,2.120756e-001,2.195008e-001,2.278904e-001,2.372332e-001,2.475159e-001,2.587229e-001,2.708361e-001,2.838348e-001,2.976952e-001,3.123908e-001,3.278922e-001,3.441668e-001,3.611789e-001,3.788901e-001,3.972592e-001,4.162419e-001,4.357921e-001,4.558609e-001,4.763979e-001,4.973509e-001,5.186667e-001,5.402911e-001,5.621696e-001,5.842477e-001,6.064714e-001,6.287875e-001,6.511439e-001,6.734906e-001,6.957793e-001,7.179642e-001,7.400024e-001,7.618538e-001,7.834818e-001,8.048534e-001,8.259391e-001,8.467134e-001,8.671549e-001,8.872463e-001,9.069744e-001,9.263302e-001,9.453090e-001,9.639104e-001,9.821381e-001,1.000000e+000
3200,320.000000,2.001873e-001,2.006875e-001,2.021880e-001,2.046869e-001,2.081812e-001,2.126666e-001,2.181375e-001,2.245864e-001,2.320046e-001,2.403811e-001,2.497032e-001,2.599559e-001,2.711219e-001,2.831812e-001,2.961115e-001,3.098877e-001,3.244816e-001,3.398625e-001,3.559966e-001,3.728476e-001,3.903763e-001,4.085407e-001,4.272968e-001,4.465981e-001,4.663963e-001,4.866413e-001,5.072818e-001,5.282654e-001,5.495392e-001,5.710499e-001,5.927446e-001,6.145708e-001,6.364769e-001,6.584128e-001,6.803300e-001,7.021821e-001,7.239252e-001,7.455180e-001,7.669222e-001,7.881027e-001,8.090278e-001,8.296696e-001,8.500038e-001,8.700100e-001,8.896718e-001,9.089768e-001,9.279167e-001,9.464871e-001,9.646879e-001,9.825229e-001,1.000000e+000
3300,330.000000,2.126938e-001,2.131935e-001,2.146928e-001,2.171895e-001,2.206798e-001,2.251588e-001,2.306199e-001,2.370546e-001,2.444527e-001,2.528021e-001,2.620886e-001,2.722957e-001,2.834046e-001,2.953939e-001,3.082398e-001,3.219158e-001,3.363926e-001,3.516384e-001,3.676185e-001,3.842958e-001,4.016305e-001,4.195806e-001,4.381016e-001,4.571474e-001,4.766698e-001,4.966196e-001,5.169459e-001,5.375975e-001,5.585225e-001,5.796690e-001,6.009852e-001,6.224204e-001,6.439245e-001,6.654489e-001,6.869470e-001,7.083739e-001,7.296874e-001,7.508478e-001,7.718182e-001,7.925652e-001,8.130583e-001,8.332709e-001,8.531797e-001,8.727655e-001,8.920125e-001,9.109091e-001,9.294476e-001,9.476239e-001,9.654381e-001,9.828943e-001,1.000000e+000
3400,340.000000,2.251800e-001,2.256785e-001,2.271740e-001,2.296640e-001,2.331444e-001,2.376094e-001,2.430516e-001,2.494617e-001,2.568284e-001,2.651384e-001,2.743762e-001,2.845240e-001,2.955618e-001,3.074669e-001,3.202143e-001,3.337763e-001,3.481228e-001,3.632209e-001,3.790353e-001,3.955281e-001,4.126594e-001,4.303867e-001,4.486658e-001,4.674507e-001,4.866936e-001,5.063457e-001,5.263572e-001,5.466775e-001,5.672561e-001,5.880420e-001,6.089851e-001,6.300358e-001,6.511456e-001,6.722675e-001,6.933563e-001,7.143688e-001,7.352642e-001,7.560043e-001,7.765538e-001,7.968803e-001,8.169549e-001,8.367519e-001,8.562492e-001,8.754282e-001,8.942743e-001,9.127762e-001,9.309267e-001,9.487222e-001,9.661630e-001,9.832530e-001,1.000000e+000
3500,350.000000,2.376253e-001,2.381218e-001,2.396111e-001,2.420906e-001,2.455556e-001,2.500000e-001,2.554155e-001,2.617920e-001,2.691172e-001,2.773769e-001,2.865544e-001,2.966310e-001,3.075854e-001,3.193940e-001,3.320307e-001,3.454669e-001,3.596716e-001,3.746111e-001,3.902497e-001,4.065491e-001,4.234689e-001,4.409668e-001,4.589984e-001,4.775181e-001,4.964786e-001,5.158317e-001,5.355283e-001,5.555188e-001,5.757537e-001,5.961832e-001,6.167584e-001,6.374311e-001,6.581542e-001,6.788822e-001,6.995712e-001,7.201795e-001,7.406677e-001,7.609991e-001,7.811395e-001,8.010580e-001,8.207266e-001,8.401208e-001,8.592194e-001,8.780047e-001,8.964625e-001,9.145824e-001,9.323576e-001,9.497847e-001,9.668642e-001,9.836001e-001,1.000000e+000
3600,360.000000,2.500112e-001,2.505049e-001,2.519861e-001,2.544517e-001,2.578968e-001,2.623146e-001,2.676964e-001,2.740313e-001,2.813063e-001,2.895061e-001,2.986134e-001,3.086083e-001,3.194687e-001,3.311702e-001,3.436856e-001,3.569857e-001,3.710388e-001,3.858106e-001,4.012650e-001,4.173633e-001,4.340651e-001,4.513279e-001,4.691077e-001,4.873591e-001,5.060353e-001,5.250887e-001,5.444710e-001,5.641335e-001,5.840277e-001,6.041051e-001,6.243178e-001,6.446190e-001,6.649628e-001,6.853051e-001,7.056034e-001,7.258173e-001,7.459088e-001,7.658423e-001,7.855850e-001,8.051071e-001,8.243816e-001,8.433849e-001,8.620969e-001,8.805004e-001,8.985821e-001,9.163319e-001,9.337434e-001,9.508137e-001,9.675433e-001,9.839362e-001,1.000000e+000
3700,370.000000,2.623217e-001,2.628121e-001,2.642832e-001,2.667319e-001,2.701530e-001,2.745392e-001,2.798813e-001,2.861677e-001,2.933847e-001,3.015165e-001,3.105447e-001,3.204489e-001,3.312062e-001,3.427912e-001,3.551763e-001,3.683316e-001,3.822246e-001,3.968210e-001,4.120841e-001,4.279751e-001,4.444534e-001,4.614768e-001,4.790014e-001,4.969822e-001,5.153729e-001,5.341267e-001,5.531958e-001,5.725328e-001,5.920897e-001,6.118194e-001,6.316750e-001,6.516110e-001,6.715828e-001,6.915475e-001,7.114638e-001,7.312927e-001,7.509973e-001,7.705433e-001,7.898990e-001,8.090355e-001,8.279270e-001,8.465509e-001,8.648874e-001,8.829206e-001,9.006373e-001,9.180282e-001,9.350872e-001,9.518114e-001,9.682017e-001,9.842621e-001,1.000000e+000
3800,380.000000,2.745425e-001,2.750291e-001,2.764887e-001,2.789179e-001,2.823114e-001,2.866615e-001,2.919585e-001,2.981904e-001,3.053429e-001,3.133994e-001,3.223412e-001,3.321469e-001,3.427930e-001,3.542538e-001,3.665008e-001,3.795037e-001,3.932298e-001,4.076443e-001,4.227101e-001,4.383886e-001,4.546393e-001,4.714198e-001,4.886868e-001,5.063956e-001,5.245004e-001,5.429551e-001,5.617128e-001,5.807266e-001,5.999500e-001,6.193365e-001,6.388406e-001,6.584177e-001,6.780246e-001,6.976194e-001,7.171622e-001,7.366150e-001,7.559422e-001,7.751104e-001,7.940892e-001,8.128506e-001,8.313696e-001,8.496245e-001,8.675965e-001,8.852698e-001,9.026322e-001,9.196746e-001,9.363913e-001,9.527797e-001,9.688407e-001,9.845783e-001,1.000000e+000
3900,390.000000,2.866616e-001,2.871438e-001,2.885905e-001,2.909981e-001,2.943609e-001,2.986710e-001,3.039184e-001,3.100906e-001,3.171728e-001,3.251479e-001,3.339966e-001,3.436972e-001,3.542255e-001,3.655552e-001,3.776576e-001,3.905020e-001,4.040552e-001,4.182823e-001,4.331463e-001,4.486082e-001,4.646278e-001,4.811630e-001,4.981707e-001,5.156067e-001,5.334258e-001,5.515825e-001,5.700307e-001,5.887245e-001,6.076181e-001,6.266661e-001,6.458242e-001,6.650487e-001,6.842975e-001,7.035300e-001,7.227074e-001,7.417927e-001,7.607514e-001,7.795513e-001,7.981628e-001,8.165588e-001,8.347154e-001,8.526114e-001,8.702287e-001,8.875522e-001,9.045703e-001,9.212741e-001,9.376582e-001,9.537204e-001,9.694615e-001,9.848856e-001,1.000000e+000
4000,400.000000,2.986682e-001,2.991458e-001,3.005784e-001,3.029623e-001,3.062918e-001,3.105586e-001,3.157524e-001,3.218604e-001,3.288674e-001,3.367559e-001,3.455060e-001,3.550957e-001,3.655005e-001,3.766935e-001,3.886459e-001,4.013265e-001,4.147020e-001,4.287374e-001,4.433956e-001,4.586378e-001,4.744238e-001,4.907120e-001,5.074594e-001,5.246225e-001,5.421566e-001,5.600168e-001,5.781580e-001,5.965349e-001,6.151028e-001,6.338171e-001,6.526346e-001,6.715127e-001,6.904102e-001,7.092878e-001,7.281075e-001,7.468336e-001,7.654325e-001,7.838729e-001,8.021262e-001,8.201662e-001,8.379697e-001,8.555163e-001,8.727884e-001,8.897717e-001,9.064548e-001,9.228293e-001,9.388900e-001,9.546349e-001,9.700650e-001,9.851843e-001,1.000000e+000
4100,410.000000,3.105533e-001,3.110258e-001,3.124433e-001,3.148019e-001,3.180958e-001,3.223165e-001,3.274534e-001,3.334933e-001,3.404209e-001,3.482182e-001,3.568652e-001,3.663392e-001,3.766156e-001,3.876673e-001,3.994650e-001,4.119775e-001,4.251715e-001,4.390117e-001,4.534612e-001,4.684813e-001,4.840320e-001,5.000721e-001,5.165590e-001,5.334495e-001,5.506998e-001,5.682655e-001,5.861023e-001,6.041658e-001,6.224120e-001,6.407976e-001,6.592799e-001,6.778176e-001,6.963706e-001,7.149002e-001,7.333699e-001,7.517447e-001,7.699920e-001,7.880814e-001,8.059852e-001,8.236781e-001,8.411375e-001,8.583436e-001,8.752797e-001,8.919317e-001,9.082886e-001,9.243426e-001,9.400887e-001,9.555249e-001,9.706523e-001,9.854750e-001,1.000000e+000
4200,420.000000,3.223089e-001,3.227761e-001,3.241776e-001,3.265096e-001,3.297659e-001,3.339380e-001,3.390151e-001,3.449838e-001,3.518284e-001,3.595309e-001,3.680707e-001,3.774251e-001,3.875691e-001,3.984755e-001,4.101150e-001,4.224560e-001,4.354653e-001,4.491076e-001,4.633462e-001,4.781426e-001,4.934569e-001,5.092484e-001,5.254749e-001,5.420938e-001,5.590618e-001,5.763354e-001,5.938707e-001,6.116244e-001,6.295533e-001,6.476148e-001,6.657675e-001,6.839708e-001,7.021857e-001,7.203744e-001,7.385013e-001,7.565324e-001,7.744360e-001,7.921827e-001,8.097453e-001,8.270995e-001,8.442233e-001,8.610976e-001,8.777060e-001,8.940352e-001,9.100745e-001,9.258163e-001,9.412559e-001,9.563915e-001,9.712242e-001,9.857580e-001,1.000000e+000
4300,430.000000,3.339285e-001,3.343901e-001,3.357750e-001,3.380790e-001,3.412961e-001,3.454177e-001,3.504326e-001,3.563273e-001,3.630860e-001,3.706904e-001,3.791198e-001,3.883513e-001,3.983597e-001,4.091178e-001,4.205959e-001,4.327628e-001,4.455850e-001,4.590276e-001,4.730537e-001,4.876252e-001,5.027028e-001,5.182457e-001,5.342125e-001,5.505611e-001,5.672488e-001,5.842327e-001,6.014698e-001,6.189174e-001,6.365333e-001,6.542758e-001,6.721042e-001,6.899791e-001,7.078621e-001,7.257167e-001,7.435078e-001,7.612027e-001,7.787702e-001,7.961819e-001,8.134114e-001,8.304348e-001,8.472311e-001,8.637817e-001,8.800707e-001,8.960852e-001,9.118149e-001,9.272524e-001,9.423933e-001,9.572359e-001,9.717814e-001,9.860338e-001,1.000000e+000
4400,440.000000,3.454065e-001,3.458623e-001,3.472298e-001,3.495050e-001,3.526816e-001,3.567508e-001,3.617015e-001,3.675201e-001,3.741904e-001,3.816942e-001,3.900105e-001,3.991164e-001,4.089867e-001,4.195938e-001,4.309084e-001,4.428991e-001,4.555326e-001,4.687739e-001,4.825867e-001,4.969330e-001,5.117736e-001,5.270686e-001,5.427768e-001,5.588568e-001,5.752663e-001,5.919633e-001,6.089055e-001,6.260510e-001,6.433583e-001,6.607867e-001,6.782963e-001,6.958485e-001,7.134059e-001,7.309329e-001,7.483952e-001,7.657608e-001,7.829997e-001,8.000838e-001,8.169877e-001,8.336883e-001,8.501648e-001,8.663995e-001,8.823768e-001,8.980843e-001,9.135119e-001,9.286528e-001,9.435024e-001,9.580593e-001,9.723248e-001,9.863027e-001,1.000000e+000
4500,450.000000,3.567382e-001,3.571881e-001,3.585378e-001,3.607832e-001,3.639181e-001,3.679336e-001,3.728185e-001,3.785590e-001,3.851391e-001,3.925401e-001,4.007413e-001,4.097196e-001,4.194496e-001,4.299040e-001,4.410533e-001,4.528663e-001,4.653098e-001,4.783492e-001,4.919482e-001,5.060692e-001,5.206735e-001,5.357215e-001,5.511726e-001,5.669858e-001,5.831198e-001,5.995329e-001,6.161837e-001,6.330310e-001,6.500343e-001,6.671534e-001,6.843495e-001,7.015848e-001,7.188227e-001,7.360284e-001,7.531685e-001,7.702118e-001,7.871290e-001,8.038929e-001,8.204785e-001,8.368635e-001,8.530278e-001,8.689539e-001,8.846270e-001,9.000348e-001,9.151677e-001,9.300190e-001,9.445844e-001,9.588626e-001,9.728549e-001,9.865651e-001,1.000000e+000
4600,460.000000,3.679197e-001,3.683635e-001,3.696950e-001,3.719101e-001,3.750024e-001,3.789631e-001,3.837808e-001,3.894419e-001,3.959300e-001,4.032267e-001,4.113111e-001,4.201601e-001,4.297484e-001,4.400486e-001,4.510315e-001,4.626659e-001,4.749189e-001,4.877560e-001,5.011412e-001,5.150373e-001,5.294062e-001,5.442084e-001,5.594042e-001,5.749529e-001,5.908140e-001,6.069464e-001,6.233095e-001,6.398628e-001,6.565665e-001,6.733813e-001,6.902692e-001,7.071932e-001,7.241175e-001,7.410081e-001,7.578325e-001,7.745602e-001,7.911625e-001,8.076130e-001,8.238875e-001,8.399641e-001,8.558232e-001,8.714479e-001,8.868237e-001,9.019389e-001,9.167841e-001,9.313526e-001,9.456407e-001,9.596468e-001,9.733723e-001,9.868212e-001,1.000000e+000
4700,470.000000,3.789481e-001,3.793857e-001,3.806987e-001,3.828828e-001,3.859318e-001,3.898368e-001,3.945864e-001,4.001668e-001,4.065619e-001,4.137530e-001,4.217194e-001,4.304379e-001,4.398834e-001,4.500286e-001,4.608443e-001,4.722996e-001,4.843618e-001,4.969967e-001,5.101686e-001,5.238407e-001,5.379753e-001,5.525334e-001,5.674759e-001,5.827627e-001,5.983537e-001,6.142088e-001,6.302879e-001,6.465513e-001,6.629599e-001,6.794754e-001,6.960603e-001,7.126785e-001,7.292951e-001,7.458767e-001,7.623917e-001,7.788102e-001,7.951042e-001,8.112481e-001,8.272181e-001,8.429930e-001,8.585538e-001,8.738840e-001,8.889694e-001,9.037987e-001,9.183627e-001,9.326552e-001,9.466722e-001,9.604126e-001,9.738777e-001,9.870713e-001,1.000000e+000
4800,480.000000,3.898209e-001,3.902523e-001,3.915464e-001,3.936992e-001,3.967044e-001,4.005529e-001,4.052336e-001,4.107326e-001,4.170337e-001,4.241183e-001,4.319658e-001,4.405531e-001,4.498552e-001,4.598448e-001,4.704931e-001,4.817692e-001,4.936408e-001,5.060739e-001,5.190333e-001,5.324826e-001,5.463843e-001,5.607003e-001,5.753917e-001,5.904192e-001,6.057433e-001,6.213245e-001,6.371235e-001,6.531012e-001,6.692193e-001,6.854402e-001,7.017274e-001,7.180453e-001,7.343598e-001,7.506384e-001,7.668500e-001,7.829655e-001,7.989577e-001,8.148014e-001,8.304736e-001,8.459534e-001,8.612224e-001,8.762646e-001,8.910661e-001,9.056159e-001,9.199052e-001,9.339278e-001,9.476801e-001,9.611609e-001,9.743715e-001,9.873157e-001,1.000000e+000
4900,490.000000,4.005363e-001,4.009613e-001,4.022365e-001,4.043577e-001,4.073186e-001,4.111103e-001,4.157214e-001,4.211384e-001,4.273449e-001,4.343225e-001,4.420506e-001,4.505063e-001,4.596646e-001,4.694985e-001,4.799793e-001,4.910766e-001,5.027580e-001,5.149902e-001,5.277382e-001,5.409661e-001,5.546368e-001,5.687127e-001,5.831555e-001,5.979266e-001,6.129870e-001,6.282978e-001,6.438205e-001,6.595168e-001,6.753490e-001,6.912803e-001,7.072747e-001,7.232977e-001,7.393158e-001,7.552971e-001,7.712113e-001,7.870299e-001,8.027264e-001,8.182762e-001,8.336568e-001,8.488479e-001,8.638314e-001,8.785919e-001,8.931158e-001,9.073923e-001,9.214130e-001,9.351719e-001,9.486653e-001,9.618923e-001,9.748541e-001,9.875546e-001,1.000000e+000
5000,500.000000,4.110929e-001,4.115116e-001,4.127677e-001,4.148571e-001,4.177734e-001,4.215079e-001,4.260493e-001,4.313838e-001,4.374954e-001,4.443657e-001,4.519742e-001,4.602980e-001,4.693126e-001,4.789910e-001,4.893047e-001,5.002236e-001,5.117158e-001,5.237481e-001,5.362861e-001,5.492942e-001,5.627359e-001,5.765741e-001,5.907710e-001,6.052886e-001,6.200885e-001,6.351327e-001,6.503831e-001,6.658022e-001,6.813530e-001,6.969994e-001,7.127063e-001,7.284396e-001,7.441667e-001,7.598563e-001,7.754789e-001,7.910066e-001,8.064134e-001,8.216753e-001,8.367704e-001,8.516789e-001,8.663831e-001,8.808679e-001,8.951203e-001,9.091295e-001,9.228875e-001,9.363884e-001,9.496288e-001,9.626075e-001,9.753261e-001,9.877882e-001,1.000000e+000
5100,510.000000,4.214900e-001,4.219023e-001,4.231392e-001,4.251967e-001,4.280683e-001,4.317454e-001,4.362168e-001,4.414687e-001,4.474853e-001,4.542482e-001,4.617371e-001,4.699293e-001,4.788004e-001,4.883237e-001,4.984710e-001,5.092124e-001,5.205164e-001,5.323502e-001,5.446798e-001,5.574700e-001,5.706849e-001,5.842878e-001,5.982416e-001,6.125088e-001,6.270518e-001,6.418330e-001,6.568151e-001,6.719613e-001,6.872352e-001,7.026016e-001,7.180258e-001,7.334747e-001,7.489161e-001,7.643196e-001,7.796562e-001,7.948987e-001,8.100216e-001,8.250015e-001,8.398170e-001,8.544487e-001,8.688796e-001,8.830946e-001,8.970812e-001,9.108290e-001,9.243299e-001,9.375784e-001,9.505712e-001,9.633071e-001,9.757877e-001,9.880167e-001,1.000000e+000
5200,520.000000,4.317271e-001,4.321330e-001,4.333507e-001,4.353762e-001,4.382031e-001,4.418228e-001,4.462241e-001,4.513935e-001,4.573151e-001,4.639708e-001,4.713404e-001,4.794013e-001,4.881294e-001,4.974983e-001,5.074800e-001,5.180450e-001,5.291622e-001,5.407990e-001,5.529219e-001,5.654963e-001,5.784867e-001,5.918571e-001,6.055707e-001,6.195908e-001,6.338802e-001,6.484022e-001,6.631201e-001,6.779976e-001,6.929992e-001,7.080902e-001,7.232367e-001,7.384062e-001,7.535673e-001,7.686900e-001,7.837462e-001,7.987090e-001,8.135537e-001,8.282573e-001,8.427989e-001,8.571596e-001,8.713228e-001,8.852737e-001,8.990001e-001,9.124919e-001,9.257414e-001,9.387429e-001,9.514933e-001,9.639917e-001,9.762395e-001,9.882403e-001,1.000000e+000
5300,530.000000,4.418041e-001,4.422036e-001,4.434021e-001,4.453956e-001,4.481779e-001,4.517403e-001,4.560717e-001,4.611587e-001,4.669856e-001,4.735344e-001,4.807850e-001,4.887153e-001,4.973011e-001,5.065165e-001,5.163337e-001,5.267236e-001,5.376553e-001,5.490969e-001,5.610152e-001,5.733761e-001,5.861445e-001,5.992850e-001,6.127615e-001,6.265377e-001,6.405772e-001,6.548438e-001,6.693014e-001,6.839146e-001,6.986483e-001,7.134686e-001,7.283423e-001,7.432374e-001,7.581233e-001,7.729706e-001,7.877516e-001,8.024402e-001,8.170121e-001,8.314450e-001,8.457183e-001,8.598136e-001,8.737145e-001,8.874068e-001,9.008785e-001,9.141197e-001,9.271229e-001,9.398827e-001,9.523960e-001,9.646618e-001,9.766817e-001,9.884591e-001,1.000000e+000
5400,540.000000,4.517213e-001,4.521144e-001,4.532938e-001,4.552554e-001,4.579931e-001,4.614983e-001,4.657600e-001,4.707650e-001,4.764975e-001,4.829399e-001,4.900723e-001,4.978726e-001,5.063171e-001,5.153800e-001,5.250341e-001,5.352503e-001,5.459983e-001,5.572466e-001,5.689624e-001,5.811121e-001,5.936612e-001,6.065747e-001,6.198171e-001,6.333528e-001,6.471460e-001,6.611609e-001,6.753624e-001,6.897154e-001,7.041857e-001,7.187400e-001,7.333456e-001,7.479713e-001,7.625870e-001,7.771640e-001,7.916751e-001,8.060948e-001,8.203994e-001,8.345668e-001,8.485772e-001,8.624124e-001,8.760564e-001,8.894955e-001,9.027177e-001,9.157136e-001,9.284756e-001,9.409987e-001,9.532797e-001,9.653179e-001,9.771146e-001,9.886734e-001,1.000000e+000
5500,550.000000,4.614791e-001,4.618659e-001,4.630262e-001,4.649561e-001,4.676494e-001,4.710977e-001,4.752901e-001,4.802134e-001,4.858522e-001,4.921888e-001,4.992036e-001,5.068750e-001,5.151792e-001,5.240909e-001,5.335831e-001,5.436273e-001,5.541934e-001,5.652504e-001,5.767660e-001,5.887070e-001,6.010394e-001,6.137289e-001,6.267405e-001,6.400391e-001,6.535895e-001,6.673567e-001,6.813060e-001,6.954032e-001,7.096145e-001,7.239072e-001,7.382495e-001,7.526107e-001,7.669611e-001,7.812728e-001,7.955192e-001,8.096752e-001,8.237176e-001,8.376249e-001,8.513775e-001,8.649578e-001,8.783502e-001,8.915411e-001,9.045189e-001,9.172744e-001,9.298003e-001,9.420916e-001,9.541452e-001,9.659604e-001,9.775385e-001,9.888832e-001,1.000000e+000
5600,560.000000,4.710784e-001,4.714588e-001,4.726001e-001,4.744985e-001,4.771477e-001,4.805394e-001,4.846629e-001,4.895051e-001,4.950507e-001,5.012823e-001,5.081806e-001,5.157239e-001,5.238891e-001,5.326510e-001,5.419829e-001,5.518568e-001,5.622430e-001,5.731109e-001,5.844286e-001,5.961634e-001,6.082821e-001,6.207505e-001,6.335345e-001,6.465994e-001,6.599108e-001,6.734341e-001,6.871353e-001,7.009808e-001,7.149374e-001,7.289732e-001,7.430568e-001,7.571581e-001,7.712482e-001,7.852996e-001,7.992861e-001,8.131835e-001,8.269688e-001,8.406210e-001,8.541210e-001,8.674515e-001,8.805973e-001,8.935450e-001,9.062834e-001,9.188034e-001,9.310980e-001,9.431621e-001,9.549929e-001,9.665897e-001,9.779538e-001,9.890888e-001,1.000000e+000
5700,570.000000,4.805200e-001,4.808942e-001,4.820167e-001,4.838836e-001,4.864890e-001,4.898246e-001,4.938797e-001,4.986414e-001,5.040946e-001,5.102221e-001,5.170047e-001,5.244213e-001,5.324487e-001,5.410623e-001,5.502357e-001,5.599411e-001,5.701494e-001,5.808304e-001,5.919527e-001,6.034841e-001,6.153918e-001,6.276423e-001,6.402019e-001,6.530367e-001,6.661126e-001,6.793959e-001,6.928530e-001,7.064509e-001,7.201573e-001,7.339405e-001,7.477700e-001,7.616161e-001,7.754506e-001,7.892465e-001,8.029782e-001,8.166218e-001,8.301549e-001,8.435570e-001,8.568093e-001,8.698950e-001,8.827990e-001,8.955084e-001,9.080122e-001,9.203015e-001,9.323694e-001,9.442109e-001,9.558235e-001,9.672063e-001,9.783607e-001,9.892901e-001,1.000000e+000
5800,580.000000,4.898052e-001,4.901731e-001,4.912769e-001,4.931127e-001,4.956747e-001,4.989546e-001,5.029418e-001,5.076237e-001,5.129854e-001,5.190097e-001,5.256779e-001,5.329688e-001,5.408599e-001,5.493268e-001,5.583434e-001,5.678823e-001,5.779149e-001,5.884114e-001,5.993408e-001,6.106715e-001,6.223711e-001,6.344068e-001,6.467454e-001,6.593534e-001,6.721976e-001,6.852447e-001,6.984617e-001,7.118162e-001,7.252766e-001,7.388117e-001,7.523915e-001,7.659871e-001,7.795707e-001,7.931158e-001,8.065974e-001,8.199920e-001,8.332778e-001,8.464347e-001,8.594441e-001,8.722897e-001,8.849568e-001,8.974326e-001,9.097064e-001,9.217696e-001,9.336152e-001,9.452387e-001,9.566374e-001,9.678105e-001,9.787594e-001,9.894875e-001,1.000000e+000
5900,590.000000,4.989351e-001,4.992969e-001,5.003822e-001,5.021872e-001,5.047061e-001,5.079308e-001,5.118508e-001,5.164537e-001,5.217247e-001,5.276469e-001,5.342018e-001,5.413685e-001,5.491248e-001,5.574466e-001,5.663083e-001,5.756828e-001,5.855419e-001,5.958562e-001,6.065953e-001,6.177280e-001,6.292226e-001,6.410466e-001,6.531675e-001,6.655524e-001,6.781684e-001,6.909831e-001,7.039640e-001,7.170792e-001,7.302978e-001,7.435891e-001,7.569237e-001,7.702733e-001,7.836105e-001,7.969095e-001,8.101457e-001,8.232961e-001,8.363393e-001,8.492555e-001,8.620268e-001,8.746370e-001,8.870717e-001,8.993185e-001,9.113670e-001,9.232084e-001,9.348363e-001,9.462461e-001,9.574351e-001,9.684027e-001,9.791502e-001,9.896809e-001,1.000000e+000
6000,600.000000,5.079114e-001,5.082670e-001,5.093339e-001,5.111084e-001,5.135847e-001,5.167548e-001,5.206083e-001,5.251330e-001,5.303142e-001,5.361355e-001,5.425783e-001,5.496223e-001,5.572454e-001,5.654239e-001,5.741325e-001,5.833447e-001,5.930325e-001,6.031671e-001,6.137186e-001,6.246562e-001,6.359487e-001,6.475642e-001,6.594707e-001,6.716359e-001,6.840276e-001,6.966136e-001,7.093623e-001,7.222423e-001,7.352232e-001,7.482750e-001,7.613688e-001,7.744768e-001,7.875722e-001,8.006296e-001,8.136249e-001,8.265357e-001,8.393409e-001,8.520211e-001,8.645589e-001,8.769382e-001,8.891451e-001,9.011674e-001,9.129948e-001,9.246189e-001,9.360333e-001,9.472336e-001,9.582171e-001,9.689832e-001,9.795332e-001,9.898704e-001,1.000000e+000
6100,610.000000,5.167354e-001,5.170850e-001,5.181338e-001,5.198781e-001,5.223122e-001,5.254282e-001,5.292160e-001,5.336634e-001,5.387559e-001,5.444773e-001,5.508094e-001,5.577321e-001,5.652237e-001,5.732607e-001,5.818183e-001,5.908702e-001,6.003892e-001,6.103466e-001,6.207131e-001,6.314585e-001,6.425519e-001,6.539621e-001,6.656575e-001,6.776065e-001,6.897774e-001,7.021386e-001,7.146589e-001,7.273078e-001,7.400552e-001,7.528717e-001,7.657289e-001,7.785997e-001,7.914576e-001,8.042779e-001,8.170369e-001,8.297125e-001,8.422841e-001,8.547329e-001,8.670415e-001,8.791944e-001,8.911779e-001,9.029800e-001,9.145907e-001,9.260018e-001,9.372069e-001,9.482017e-001,9.589837e-001,9.695523e-001,9.799087e-001,9.900563e-001,1.000000e+000
6200,620.000000,5.254090e-001,5.257526e-001,5.267834e-001,5.284979e-001,5.308903e-001,5.339529e-001,5.376757e-001,5.420466e-001,5.470515e-001,5.526744e-001,5.588971e-001,5.657001e-001,5.730617e-001,5.809591e-001,5.893677e-001,5.982617e-001,6.076141e-001,6.173969e-001,6.275811e-001,6.381370e-001,6.490344e-001,6.602425e-001,6.717302e-001,6.834665e-001,6.954202e-001,7.075603e-001,7.198562e-001,7.322779e-001,7.447958e-001,7.573811e-001,7.700061e-001,7.826438e-001,7.952686e-001,8.078561e-001,8.203832e-001,8.328280e-001,8.451706e-001,8.573922e-001,8.694761e-001,8.814070e-001,8.931713e-001,9.047575e-001,9.161556e-001,9.273577e-001,9.383576e-001,9.491510e-001,9.597354e-001,9.701103e-001,9.802770e-001,9.902385e-001,1.000000e+000
6300,630.000000,5.339338e-001,5.342715e-001,5.352846e-001,5.369695e-001,5.393208e-001,5.423306e-001,5.459892e-001,5.502846e-001,5.552030e-001,5.607285e-001,5.668434e-001,5.735281e-001,5.807617e-001,5.885213e-001,5.967829e-001,6.055212e-001,6.147095e-001,6.243202e-001,6.343248e-001,6.446943e-001,6.553986e-001,6.664078e-001,6.776911e-001,6.892182e-001,7.009582e-001,7.128810e-001,7.249563e-001,7.371546e-001,7.494471e-001,7.618053e-001,7.742021e-001,7.866111e-001,7.990071e-001,8.113661e-001,8.236654e-001,8.358838e-001,8.480016e-001,8.600004e-001,8.718638e-001,8.835768e-001,8.951262e-001,9.065006e-001,9.176903e-001,9.286875e-001,9.394861e-001,9.500819e-001,9.604726e-001,9.706575e-001,9.806381e-001,9.904173e-001,1.000000e+000
6400,640.000000,5.423116e-001,5.426435e-001,5.436391e-001,5.452949e-001,5.476055e-001,5.505632e-001,5.541584e-001,5.583794e-001,5.632124e-001,5.686418e-001,5.746502e-001,5.812184e-001,5.883255e-001,5.959494e-001,6.040662e-001,6.126510e-001,6.216775e-001,6.311187e-001,6.409466e-001,6.511324e-001,6.616468e-001,6.724601e-001,6.835425e-001,6.948637e-001,7.063937e-001,7.181027e-001,7.299612e-001,7.419401e-001,7.540110e-001,7.661462e-001,7.783189e-001,7.905033e-001,8.026746e-001,8.148093e-001,8.268851e-001,8.388813e-001,8.507785e-001,8.625587e-001,8.742058e-001,8.857050e-001,8.970436e-001,9.082102e-001,9.191955e-001,9.299916e-001,9.405928e-001,9.509949e-001,9.611956e-001,9.711942e-001,9.809922e-001,9.905925e-001,1.000000e+000
6500,650.000000,5.505444e-001,5.508705e-001,5.518488e-001,5.534759e-001,5.557463e-001,5.586527e-001,5.621853e-001,5.663328e-001,5.710816e-001,5.764162e-001,5.823196e-001,5.887729e-001,5.957555e-001,6.032455e-001,6.112196e-001,6.196531e-001,6.285204e-001,6.377947e-001,6.474485e-001,6.574535e-001,6.677810e-001,6.784018e-001,6.892863e-001,7.004051e-001,7.117287e-001,7.232276e-001,7.348730e-001,7.466363e-001,7.584896e-001,7.704057e-001,7.823583e-001,7.943221e-001,8.062728e-001,8.181873e-001,8.300438e-001,8.418219e-001,8.535025e-001,8.650682e-001,8.765031e-001,8.877927e-001,8.989244e-001,9.098872e-001,9.206719e-001,9.312709e-001,9.416784e-001,9.518904e-001,9.619047e-001,9.717207e-001,9.813396e-001,9.907645e-001,1.000000e+000
6600,660.000000,5.586340e-001,5.589544e-001,5.599157e-001,5.615144e-001,5.637453e-001,5.666009e-001,5.700719e-001,5.741469e-001,5.788126e-001,5.840539e-001,5.898538e-001,5.961938e-001,6.030536e-001,6.104118e-001,6.182453e-001,6.265299e-001,6.352403e-001,6.443503e-001,6.538328e-001,6.636600e-001,6.738035e-001,6.842348e-001,6.949249e-001,7.058447e-001,7.169652e-001,7.282577e-001,7.396936e-001,7.512451e-001,7.628846e-001,7.745855e-001,7.863220e-001,7.980692e-001,8.098033e-001,8.215016e-001,8.331428e-001,8.447068e-001,8.561750e-001,8.675302e-001,8.787567e-001,8.898406e-001,9.007694e-001,9.115323e-001,9.221202e-001,9.325257e-001,9.427433e-001,9.527689e-001,9.626003e-001,9.722371e-001,9.816803e-001,9.909331e-001,1.000000e+000
6700,670.000000,5.665825e-001,5.668973e-001,5.678417e-001,5.694125e-001,5.716043e-001,5.744100e-001,5.778202e-001,5.818237e-001,5.864076e-001,5.915568e-001,5.972547e-001,6.034831e-001,6.102221e-001,6.174504e-001,6.251454e-001,6.332834e-001,6.418394e-001,6.507877e-001,6.601015e-001,6.697537e-001,6.797164e-001,6.899613e-001,7.004601e-001,7.111843e-001,7.221052e-001,7.331948e-001,7.444250e-001,7.557683e-001,7.671978e-001,7.786873e-001,7.902116e-001,8.017461e-001,8.132675e-001,8.247537e-001,8.361835e-001,8.475374e-001,8.587971e-001,8.699457e-001,8.809678e-001,8.918498e-001,9.025794e-001,9.131462e-001,9.235410e-001,9.337568e-001,9.437880e-001,9.536307e-001,9.632827e-001,9.727436e-001,9.820146e-001,9.910986e-001,1.000000e+000
6800,680.000000,5.743917e-001,5.747010e-001,5.756289e-001,5.771721e-001,5.793255e-001,5.820818e-001,5.854321e-001,5.893653e-001,5.938685e-001,5.989270e-001,6.045245e-001,6.106429e-001,6.172628e-001,6.243633e-001,6.319220e-001,6.399157e-001,6.483197e-001,6.571088e-001,6.662568e-001,6.757369e-001,6.855216e-001,6.955833e-001,7.058941e-001,7.164259e-001,7.271507e-001,7.380409e-001,7.490688e-001,7.602076e-001,7.714309e-001,7.827128e-001,7.940286e-001,8.053543e-001,8.166670e-001,8.279448e-001,8.391672e-001,8.503148e-001,8.613698e-001,8.723156e-001,8.831373e-001,8.938212e-001,9.043554e-001,9.147296e-001,9.249350e-001,9.349647e-001,9.448130e-001,9.544762e-001,9.639523e-001,9.732407e-001,9.823426e-001,9.912609e-001,1.000000e+000
6900,690.000000,5.820638e-001,5.823677e-001,5.832792e-001,5.847953e-001,5.869107e-001,5.896186e-001,5.929098e-001,5.967737e-001,6.011974e-001,6.061666e-001,6.116651e-001,6.176754e-001,6.241780e-001,6.311526e-001,6.385772e-001,6.464288e-001,6.546834e-001,6.633159e-001,6.723007e-001,6.816114e-001,6.912212e-001,7.011028e-001,7.112287e-001,7.215714e-001,7.321035e-001,7.427977e-001,7.536270e-001,7.645649e-001,7.755856e-001,7.866636e-001,7.977747e-001,8.088954e-001,8.200030e-001,8.310763e-001,8.420950e-001,8.530402e-001,8.638944e-001,8.746412e-001,8.852660e-001,8.957555e-001,9.060979e-001,9.162833e-001,9.263029e-001,9.361498e-001,9.458187e-001,9.553058e-001,9.646092e-001,9.737283e-001,9.826644e-001,9.914201e-001,1.000000e+000
7000,700.000000,5.896008e-001,5.898993e-001,5.907948e-001,5.922841e-001,5.943622e-001,5.970222e-001,6.002553e-001,6.040509e-001,6.083964e-001,6.132776e-001,6.186788e-001,6.245825e-001,6.309698e-001,6.378205e-001,6.451130e-001,6.528249e-001,6.609323e-001,6.694109e-001,6.782352e-001,6.873795e-001,6.968172e-001,7.065216e-001,7.164658e-001,7.266228e-001,7.369655e-001,7.474671e-001,7.581012e-001,7.688418e-001,7.796634e-001,7.905412e-001,8.014513e-001,8.123706e-001,8.232770e-001,8.341495e-001,8.449683e-001,8.557148e-001,8.663717e-001,8.769232e-001,8.873548e-001,8.976536e-001,9.078079e-001,9.178078e-001,9.276450e-001,9.373126e-001,9.468055e-001,9.561199e-001,9.652538e-001,9.742069e-001,9.829801e-001,9.915764e-001,1.000000e+000
7100,710.000000,5.970046e-001,5.972979e-001,5.981775e-001,5.996405e-001,6.016819e-001,6.042948e-001,6.074707e-001,6.111990e-001,6.154675e-001,6.202622e-001,6.255675e-001,6.313663e-001,6.376401e-001,6.443689e-001,6.515316e-001,6.591059e-001,6.670687e-001,6.753958e-001,6.840623e-001,6.930428e-001,7.023114e-001,7.118417e-001,7.216074e-001,7.315817e-001,7.417383e-001,7.520507e-001,7.624931e-001,7.730399e-001,7.836660e-001,7.943471e-001,8.050598e-001,8.157814e-001,8.264902e-001,8.371655e-001,8.477881e-001,8.583395e-001,8.688029e-001,8.791627e-001,8.894047e-001,8.995162e-001,9.094858e-001,9.193039e-001,9.289621e-001,9.384538e-001,9.477738e-001,9.569187e-001,9.658864e-001,9.746764e-001,9.832900e-001,9.917298e-001,1.000000e+000
7200,720.000000,6.042775e-001,6.045655e-001,6.054296e-001,6.068666e-001,6.088718e-001,6.114384e-001,6.145580e-001,6.182201e-001,6.224128e-001,6.271223e-001,6.323333e-001,6.380289e-001,6.441910e-001,6.507998e-001,6.578348e-001,6.652739e-001,6.730944e-001,6.812725e-001,6.897839e-001,6.986035e-001,7.077058e-001,7.170650e-001,7.266551e-001,7.364500e-001,7.464237e-001,7.565503e-001,7.668043e-001,7.771607e-001,7.875948e-001,7.980828e-001,8.086017e-001,8.191291e-001,8.296439e-001,8.401257e-001,8.505555e-001,8.609155e-001,8.711889e-001,8.813606e-001,8.914165e-001,9.013442e-001,9.111325e-001,9.207720e-001,9.302546e-001,9.395736e-001,9.487241e-001,9.577026e-001,9.665071e-001,9.751372e-001,9.835941e-001,9.918803e-001,1.000000e+000
7300,730.000000,6.114213e-001,6.117042e-001,6.125530e-001,6.139645e-001,6.159341e-001,6.184551e-001,6.215192e-001,6.251162e-001,6.292343e-001,6.338600e-001,6.389782e-001,6.445723e-001,6.506245e-001,6.571154e-001,6.640247e-001,6.713308e-001,6.790114e-001,6.870431e-001,6.954019e-001,7.040633e-001,7.130022e-001,7.221932e-001,7.316109e-001,7.412295e-001,7.510234e-001,7.609675e-001,7.710365e-001,7.812058e-001,7.914513e-001,8.017497e-001,8.120782e-001,8.224150e-001,8.327392e-001,8.430311e-001,8.532717e-001,8.634437e-001,8.735307e-001,8.835176e-001,8.933909e-001,9.031382e-001,9.127487e-001,9.222129e-001,9.315231e-001,9.406727e-001,9.496568e-001,9.584720e-001,9.671163e-001,9.755895e-001,9.838925e-001,9.920280e-001,1.000000e+000
7400,740.000000,6.184382e-001,6.187161e-001,6.195497e-001,6.209362e-001,6.228707e-001,6.253468e-001,6.283564e-001,6.318894e-001,6.359341e-001,6.404773e-001,6.455042e-001,6.509985e-001,6.569426e-001,6.633175e-001,6.701032e-001,6.772786e-001,6.848216e-001,6.927093e-001,7.009182e-001,7.094241e-001,7.182024e-001,7.272282e-001,7.364763e-001,7.459217e-001,7.555391e-001,7.653038e-001,7.751910e-001,7.851766e-001,7.952370e-001,8.053491e-001,8.154907e-001,8.256403e-001,8.357775e-001,8.458828e-001,8.559378e-001,8.659252e-001,8.758291e-001,8.856347e-001,8.953287e-001,9.048989e-001,9.143348e-001,9.236271e-001,9.327680e-001,9.417513e-001,9.505721e-001,9.592270e-001,9.677142e-001,9.760333e-001,9.841853e-001,9.921729e-001,1.000000e+000
7500,750.000000,6.253302e-001,6.256032e-001,6.264220e-001,6.277837e-001,6.296837e-001,6.321157e-001,6.350716e-001,6.385416e-001,6.425142e-001,6.469763e-001,6.519134e-001,6.573095e-001,6.631473e-001,6.694081e-001,6.760723e-001,6.831192e-001,6.905270e-001,6.982732e-001,7.063347e-001,7.146877e-001,7.233082e-001,7.321715e-001,7.412531e-001,7.505283e-001,7.599724e-001,7.695608e-001,7.792695e-001,7.890747e-001,7.989532e-001,8.088824e-001,8.188404e-001,8.288063e-001,8.387598e-001,8.486819e-001,8.585546e-001,8.683609e-001,8.780850e-001,8.877127e-001,8.972307e-001,9.066271e-001,9.158916e-001,9.250151e-001,9.339899e-001,9.428100e-001,9.514705e-001,9.599681e-001,9.683010e-001,9.764689e-001,9.844728e-001,9.923152e-001,1.000000e+000
7600,760.000000,6.320994e-001,6.323674e-001,6.331716e-001,6.345090e-001,6.363752e-001,6.387638e-001,6.416669e-001,6.450749e-001,6.489765e-001,6.533588e-001,6.582076e-001,6.635072e-001,6.692405e-001,6.753892e-001,6.819340e-001,6.888544e-001,6.961293e-001,7.037364e-001,7.116531e-001,7.198559e-001,7.283213e-001,7.370250e-001,7.459430e-001,7.550510e-001,7.643247e-001,7.737401e-001,7.832734e-001,7.929014e-001,8.026013e-001,8.123509e-001,8.221287e-001,8.319140e-001,8.416873e-001,8.514295e-001,8.611232e-001,8.707516e-001,8.802994e-001,8.897523e-001,8.990975e-001,9.083234e-001,9.174196e-001,9.263774e-001,9.351893e-001,9.438491e-001,9.523522e-001,9.606955e-001,9.688770e-001,9.768965e-001,9.847549e-001,9.924548e-001,1.000000e+000
7700,770.000000,6.387477e-001,6.390110e-001,6.398008e-001,6.411143e-001,6.429471e-001,6.452930e-001,6.481442e-001,6.514913e-001,6.553231e-001,6.596270e-001,6.643890e-001,6.695936e-001,6.752241e-001,6.812626e-001,6.876900e-001,6.944862e-001,7.016304e-001,7.091008e-001,7.168751e-001,7.249304e-001,7.332434e-001,7.417904e-001,7.505476e-001,7.594913e-001,7.685976e-001,7.778430e-001,7.872042e-001,7.966582e-001,8.061826e-001,8.157558e-001,8.253566e-001,8.349648e-001,8.445609e-001,8.541267e-001,8.636446e-001,8.730984e-001,8.824730e-001,8.917544e-001,9.009300e-001,9.099884e-001,9.189195e-001,9.277147e-001,9.363665e-001,9.448690e-001,9.532177e-001,9.614094e-001,9.694424e-001,9.773161e-001,9.850318e-001,9.925919e-001,1.000000e+000
7800,780.000000,6.452771e-001,6.455357e-001,6.463114e-001,6.476014e-001,6.494014e-001,6.517054e-001,6.545055e-001,6.577927e-001,6.615558e-001,6.657826e-001,6.704593e-001,6.755706e-001,6.811001e-001,6.870302e-001,6.933422e-001,7.000164e-001,7.070322e-001,7.143683e-001,7.220027e-001,7.299129e-001,7.380761e-001,7.464691e-001,7.550685e-001,7.638508e-001,7.727927e-001,7.818712e-001,7.910631e-001,8.003462e-001,8.096984e-001,8.190984e-001,8.285254e-001,8.379595e-001,8.473819e-001,8.567743e-001,8.661196e-001,8.754020e-001,8.846066e-001,8.937197e-001,9.027288e-001,9.116228e-001,9.203918e-001,9.290273e-001,9.375220e-001,9.458702e-001,9.540673e-001,9.621102e-001,9.699973e-001,9.777281e-001,9.853037e-001,9.927264e-001,1.000000e+000
7900,790.000000,6.516897e-001,6.519437e-001,6.527055e-001,6.539724e-001,6.557402e-001,6.580028e-001,6.607528e-001,6.639810e-001,6.676767e-001,6.718278e-001,6.764205e-001,6.814401e-001,6.868704e-001,6.926940e-001,6.988925e-001,7.054467e-001,7.123363e-001,7.195404e-001,7.270374e-001,7.348052e-001,7.428212e-001,7.510629e-001,7.595071e-001,7.681309e-001,7.769114e-001,7.858258e-001,7.948517e-001,8.039669e-001,8.131500e-001,8.223798e-001,8.316362e-001,8.408995e-001,8.501511e-001,8.593733e-001,8.685493e-001,8.776634e-001,8.867011e-001,8.956488e-001,9.044945e-001,9.132271e-001,9.218370e-001,9.303157e-001,9.386563e-001,9.468529e-001,9.549012e-001,9.627981e-001,9.705420e-001,9.781325e-001,9.855705e-001,9.928585e-001,1.000000e+000
8000,800.000000,6.579875e-001,6.582368e-001,6.589850e-001,6.602292e-001,6.619653e-001,6.641874e-001,6.668880e-001,6.700583e-001,6.736877e-001,6.777642e-001,6.822745e-001,6.872040e-001,6.925367e-001,6.982556e-001,7.043427e-001,7.107790e-001,7.175446e-001,7.246190e-001,7.319809e-001,7.396087e-001,7.474803e-001,7.555733e-001,7.638651e-001,7.723332e-001,7.809551e-001,7.897085e-001,7.985712e-001,8.075216e-001,8.165385e-001,8.256013e-001,8.346901e-001,8.437856e-001,8.528697e-001,8.619248e-001,8.709345e-001,8.798833e-001,8.887571e-001,8.975426e-001,9.062278e-001,9.148020e-001,9.232556e-001,9.315805e-001,9.397697e-001,9.478176e-001,9.557198e-001,9.634734e-001,9.710767e-001,9.785294e-001,9.858324e-001,9.929881e-001,1.000000e+000
8100,810.000000,6.641722e-001,6.644171e-001,6.651519e-001,6.663737e-001,6.680787e-001,6.702609e-001,6.729131e-001,6.760265e-001,6.795907e-001,6.835940e-001,6.880232e-001,6.928641e-001,6.981009e-001,7.037169e-001,7.096945e-001,7.160149e-001,7.226587e-001,7.296057e-001,7.368349e-001,7.443252e-001,7.520548e-001,7.600017e-001,7.681439e-001,7.764591e-001,7.849253e-001,7.935204e-001,8.022229e-001,8.110114e-001,8.198651e-001,8.287639e-001,8.376882e-001,8.466190e-001,8.555385e-001,8.644295e-001,8.732759e-001,8.820626e-001,8.907755e-001,8.994016e-001,9.079293e-001,9.163480e-001,9.246483e-001,9.328221e-001,9.408628e-001,9.487646e-001,9.565234e-001,9.641363e-001,9.716016e-001,9.789190e-001,9.860895e-001,9.931153e-001,1.000000e+000
8200,820.000000,6.702460e-001,6.704865e-001,6.712080e-001,6.724080e-001,6.740823e-001,6.762253e-001,6.788299e-001,6.818873e-001,6.853874e-001,6.893188e-001,6.936684e-001,6.984222e-001,7.035647e-001,7.090797e-001,7.149497e-001,7.211563e-001,7.276804e-001,7.345021e-001,7.416010e-001,7.489562e-001,7.565464e-001,7.643499e-001,7.723450e-001,7.805100e-001,7.888232e-001,7.972629e-001,8.058080e-001,8.144376e-001,8.231311e-001,8.318689e-001,8.406315e-001,8.494007e-001,8.581586e-001,8.668885e-001,8.755746e-001,8.842020e-001,8.927569e-001,9.012267e-001,9.095997e-001,9.178657e-001,9.260154e-001,9.340410e-001,9.419358e-001,9.496942e-001,9.573123e-001,9.647870e-001,9.721169e-001,9.793016e-001,9.863419e-001,9.932403e-001,1.000000e+000
8300,830.000000,6.762107e-001,6.764469e-001,6.771554e-001,6.783338e-001,6.799780e-001,6.820825e-001,6.846402e-001,6.876427e-001,6.910799e-001,6.949405e-001,6.992119e-001,7.038801e-001,7.089301e-001,7.143458e-001,7.201100e-001,7.262048e-001,7.326112e-001,7.393100e-001,7.462809e-001,7.535033e-001,7.609565e-001,7.686191e-001,7.764698e-001,7.844873e-001,7.926502e-001,8.009374e-001,8.093279e-001,8.178014e-001,8.263376e-001,8.349172e-001,8.435212e-001,8.521315e-001,8.607308e-001,8.693026e-001,8.778313e-001,8.863023e-001,8.947021e-001,9.030183e-001,9.112395e-001,9.193556e-001,9.273576e-001,9.352376e-001,9.429891e-001,9.506069e-001,9.580867e-001,9.654259e-001,9.726228e-001,9.796771e-001,9.865897e-001,9.933629e-001,1.000000e+000
8400,840.000000,6.820681e-001,6.823000e-001,6.829959e-001,6.841530e-001,6.857677e-001,6.878343e-001,6.903460e-001,6.932945e-001,6.966698e-001,7.004609e-001,7.046554e-001,7.092396e-001,7.141986e-001,7.195167e-001,7.251771e-001,7.311620e-001,7.374529e-001,7.440308e-001,7.508759e-001,7.579680e-001,7.652866e-001,7.728108e-001,7.805197e-001,7.883923e-001,7.964077e-001,8.045450e-001,8.127838e-001,8.211039e-001,8.294857e-001,8.379100e-001,8.463582e-001,8.548126e-001,8.632561e-001,8.716726e-001,8.800467e-001,8.883642e-001,8.966118e-001,9.047772e-001,9.128494e-001,9.208183e-001,9.286752e-001,9.364123e-001,9.440232e-001,9.515028e-001,9.588470e-001,9.660530e-001,9.731194e-001,9.800457e-001,9.868330e-001,9.934833e-001,1.000000e+000
8500,850.000000,6.878202e-001,6.880479e-001,6.887312e-001,6.898676e-001,6.914532e-001,6.934826e-001,6.959491e-001,6.988445e-001,7.021591e-001,7.058819e-001,7.100008e-001,7.145024e-001,7.193721e-001,7.245943e-001,7.301526e-001,7.360296e-001,7.422070e-001,7.486662e-001,7.553878e-001,7.623519e-001,7.695383e-001,7.769266e-001,7.844962e-001,7.922265e-001,8.000969e-001,8.080871e-001,8.161768e-001,8.243464e-001,8.325765e-001,8.408482e-001,8.491435e-001,8.574448e-001,8.657354e-001,8.739993e-001,8.822217e-001,8.903885e-001,8.984866e-001,9.065040e-001,9.144299e-001,9.222543e-001,9.299687e-001,9.375655e-001,9.450384e-001,9.523824e-001,9.595934e-001,9.666687e-001,9.736069e-001,9.804076e-001,9.870718e-001,9.936015e-001,1.000000e+000
8600,860.000000,6.934687e-001,6.936924e-001,6.943634e-001,6.954793e-001,6.970363e-001,6.990292e-001,7.014513e-001,7.042945e-001,7.075493e-001,7.112051e-001,7.152498e-001,7.196702e-001,7.244521e-001,7.295802e-001,7.350382e-001,7.408091e-001,7.468751e-001,7.532178e-001,7.598180e-001,7.666563e-001,7.737128e-001,7.809676e-001,7.884004e-001,7.959910e-001,8.037191e-001,8.115647e-001,8.195081e-001,8.275299e-001,8.356110e-001,8.437330e-001,8.518781e-001,8.600290e-001,8.681694e-001,8.762837e-001,8.843571e-001,8.923759e-001,9.003272e-001,9.081993e-001,9.159815e-001,9.236641e-001,9.312386e-001,9.386977e-001,9.460351e-001,9.532459e-001,9.603261e-001,9.672732e-001,9.740855e-001,9.807629e-001,9.873062e-001,9.937175e-001,1.000000e+000
8700,870.000000,6.990155e-001,6.992352e-001,6.998941e-001,7.009898e-001,7.025188e-001,7.044758e-001,7.068543e-001,7.096462e-001,7.128424e-001,7.164323e-001,7.204040e-001,7.247447e-001,7.294404e-001,7.344760e-001,7.398355e-001,7.455023e-001,7.514588e-001,7.576869e-001,7.641679e-001,7.708827e-001,7.778117e-001,7.849354e-001,7.922339e-001,7.996872e-001,8.072755e-001,8.149792e-001,8.227789e-001,8.306555e-001,8.385903e-001,8.465653e-001,8.545629e-001,8.625662e-001,8.705592e-001,8.785264e-001,8.864536e-001,8.943271e-001,9.021343e-001,9.098637e-001,9.175048e-001,9.250481e-001,9.324853e-001,9.398092e-001,9.470136e-001,9.540936e-001,9.610455e-001,9.678666e-001,9.745554e-001,9.811117e-001,9.875364e-001,9.938314e-001,1.000000e+000
8800,880.000000,7.044624e-001,7.046781e-001,7.053251e-001,7.064011e-001,7.079025e-001,7.098243e-001,7.121598e-001,7.149015e-001,7.180400e-001,7.215651e-001,7.254653e-001,7.297277e-001,7.343386e-001,7.392833e-001,7.445461e-001,7.501106e-001,7.559595e-001,7.620751e-001,7.684390e-001,7.750325e-001,7.818363e-001,7.888313e-001,7.959977e-001,8.033162e-001,8.107673e-001,8.183317e-001,8.259902e-001,8.337243e-001,8.415155e-001,8.493461e-001,8.571988e-001,8.650572e-001,8.729054e-001,8.807283e-001,8.885119e-001,8.962427e-001,9.039084e-001,9.114978e-001,9.190004e-001,9.264070e-001,9.337094e-001,9.409005e-001,9.479743e-001,9.549259e-001,9.617517e-001,9.684492e-001,9.750167e-001,9.814542e-001,9.877624e-001,9.939433e-001,1.000000e+000
8900,890.000000,7.098111e-001,7.100228e-001,7.106582e-001,7.117148e-001,7.131892e-001,7.150762e-001,7.173697e-001,7.200619e-001,7.231438e-001,7.266053e-001,7.304351e-001,7.346206e-001,7.391483e-001,7.440037e-001,7.491715e-001,7.546355e-001,7.603788e-001,7.663839e-001,7.726329e-001,7.791071e-001,7.857880e-001,7.926565e-001,7.996933e-001,8.068795e-001,8.141958e-001,8.216233e-001,8.291432e-001,8.367373e-001,8.443875e-001,8.520763e-001,8.597868e-001,8.675029e-001,8.752089e-001,8.828902e-001,8.905327e-001,8.981234e-001,9.056503e-001,9.131021e-001,9.204687e-001,9.277411e-001,9.349111e-001,9.419718e-001,9.489174e-001,9.557431e-001,9.624451e-001,9.690211e-001,9.754697e-001,9.817904e-001,9.879842e-001,9.940531e-001,1.000000e+000
9000,900.000000,7.150633e-001,7.152712e-001,7.158951e-001,7.169327e-001,7.183805e-001,7.202335e-001,7.224855e-001,7.251291e-001,7.281555e-001,7.315545e-001,7.353152e-001,7.394251e-001,7.438710e-001,7.486388e-001,7.537133e-001,7.590786e-001,7.647181e-001,7.706147e-001,7.767507e-001,7.831080e-001,7.896681e-001,7.964123e-001,8.033219e-001,8.103781e-001,8.175620e-001,8.248551e-001,8.322390e-001,8.396956e-001,8.472073e-001,8.547569e-001,8.623278e-001,8.699041e-001,8.774706e-001,8.850127e-001,8.925167e-001,8.999699e-001,9.073604e-001,9.146772e-001,9.219103e-001,9.290509e-001,9.360909e-001,9.430237e-001,9.498434e-001,9.565453e-001,9.631259e-001,9.695827e-001,9.759143e-001,9.821205e-001,9.882020e-001,9.941609e-001,1.000000e+000
9100,910.000000,7.202207e-001,7.204249e-001,7.210376e-001,7.220564e-001,7.234781e-001,7.252976e-001,7.275091e-001,7.301049e-001,7.330766e-001,7.364143e-001,7.401071e-001,7.441428e-001,7.485084e-001,7.531901e-001,7.581729e-001,7.634412e-001,7.689789e-001,7.747689e-001,7.807940e-001,7.870363e-001,7.934778e-001,8.001001e-001,8.068847e-001,8.138132e-001,8.208672e-001,8.280283e-001,8.352785e-001,8.426002e-001,8.499758e-001,8.573887e-001,8.648226e-001,8.722617e-001,8.796911e-001,8.870966e-001,8.944647e-001,9.017828e-001,9.090394e-001,9.162236e-001,9.233257e-001,9.303368e-001,9.372493e-001,9.440564e-001,9.507525e-001,9.573330e-001,9.637943e-001,9.701340e-001,9.763509e-001,9.824446e-001,9.884159e-001,9.942667e-001,1.000000e+000
9200,920.000000,7.252851e-001,7.254856e-001,7.260872e-001,7.270877e-001,7.284836e-001,7.302704e-001,7.324419e-001,7.349909e-001,7.379089e-001,7.411863e-001,7.448124e-001,7.487752e-001,7.530620e-001,7.576591e-001,7.625518e-001,7.677250e-001,7.731625e-001,7.788479e-001,7.847641e-001,7.908935e-001,7.972185e-001,8.037210e-001,8.103829e-001,8.171861e-001,8.241124e-001,8.311439e-001,8.382629e-001,8.454520e-001,8.526941e-001,8.599728e-001,8.672720e-001,8.745764e-001,8.818713e-001,8.891426e-001,8.963772e-001,9.035628e-001,9.106879e-001,9.177419e-001,9.247153e-001,9.315994e-001,9.383866e-001,9.450703e-001,9.516451e-001,9.581063e-001,9.644505e-001,9.706754e-001,9.767795e-001,9.827628e-001,9.886259e-001,9.943706e-001,1.000000e+000
9300,930.000000,7.302581e-001,7.304550e-001,7.310457e-001,7.320281e-001,7.333988e-001,7.351533e-001,7.372856e-001,7.397886e-001,7.426539e-001,7.458721e-001,7.494327e-001,7.533239e-001,7.575332e-001,7.620472e-001,7.668516e-001,7.719312e-001,7.772705e-001,7.828531e-001,7.886622e-001,7.946809e-001,8.008914e-001,8.072763e-001,8.138177e-001,8.204978e-001,8.272987e-001,8.342030e-001,8.411931e-001,8.482520e-001,8.553631e-001,8.625100e-001,8.696770e-001,8.768491e-001,8.840118e-001,8.911514e-001,8.982550e-001,9.053104e-001,9.123064e-001,9.192326e-001,9.260796e-001,9.328390e-001,9.395032e-001,9.460658e-001,9.525214e-001,9.588655e-001,9.650948e-001,9.712068e-001,9.772004e-001,9.830752e-001,9.888320e-001,9.944727e-001,1.000000e+000
9400,940.000000,7.351412e-001,7.353346e-001,7.359146e-001,7.368793e-001,7.382253e-001,7.399480e-001,7.420418e-001,7.444996e-001,7.473131e-001,7.504732e-001,7.539694e-001,7.577903e-001,7.619236e-001,7.663560e-001,7.710735e-001,7.760613e-001,7.813040e-001,7.867857e-001,7.924898e-001,7.983996e-001,8.044978e-001,8.107672e-001,8.171902e-001,8.237494e-001,8.304273e-001,8.372066e-001,8.440702e-001,8.510013e-001,8.579836e-001,8.650010e-001,8.720383e-001,8.790805e-001,8.861135e-001,8.931238e-001,9.000987e-001,9.070263e-001,9.138955e-001,9.206962e-001,9.274192e-001,9.340561e-001,9.405995e-001,9.470432e-001,9.533818e-001,9.596110e-001,9.657273e-001,9.717286e-001,9.776136e-001,9.833819e-001,9.890344e-001,9.945728e-001,1.000000e+000
9500,950.000000,7.399361e-001,7.401260e-001,7.406956e-001,7.416428e-001,7.429645e-001,7.446561e-001,7.467121e-001,7.491254e-001,7.518882e-001,7.549911e-001,7.584241e-001,7.621760e-001,7.662346e-001,7.705868e-001,7.752190e-001,7.801167e-001,7.852646e-001,7.906471e-001,7.962481e-001,8.020509e-001,8.080388e-001,8.141948e-001,8.205016e-001,8.269420e-001,8.334991e-001,8.401556e-001,8.468950e-001,8.537007e-001,8.605565e-001,8.674469e-001,8.743567e-001,8.812714e-001,8.881770e-001,8.950603e-001,9.019088e-001,9.087109e-001,9.154557e-001,9.221332e-001,9.287344e-001,9.352510e-001,9.416759e-001,9.480029e-001,9.542266e-001,9.603429e-001,9.663484e-001,9.722409e-001,9.780192e-001,9.836830e-001,9.892331e-001,9.946712e-001,1.000000e+000
9600,960.000000,7.446445e-001,7.448309e-001,7.453902e-001,7.463203e-001,7.476181e-001,7.492792e-001,7.512979e-001,7.536677e-001,7.563805e-001,7.594274e-001,7.627983e-001,7.664824e-001,7.704675e-001,7.747411e-001,7.792896e-001,7.840986e-001,7.891535e-001,7.944386e-001,7.999383e-001,8.056361e-001,8.115157e-001,8.175602e-001,8.237529e-001,8.300768e-001,8.365152e-001,8.430513e-001,8.496686e-001,8.563510e-001,8.630828e-001,8.698484e-001,8.766331e-001,8.834225e-001,8.902030e-001,8.969617e-001,9.036861e-001,9.103650e-001,9.169876e-001,9.235442e-001,9.300257e-001,9.364243e-001,9.427328e-001,9.489451e-001,9.550560e-001,9.610615e-001,9.669582e-001,9.727439e-001,9.784175e-001,9.839787e-001,9.894282e-001,9.947677e-001,1.000000e+000
9700,970.000000,7.492677e-001,7.494507e-001,7.499999e-001,7.509132e-001,7.521876e-001,7.538186e-001,7.558009e-001,7.581278e-001,7.607916e-001,7.637834e-001,7.670934e-001,7.707108e-001,7.746239e-001,7.788203e-001,7.832864e-001,7.880085e-001,7.929719e-001,7.981615e-001,8.035616e-001,8.091564e-001,8.149296e-001,8.208647e-001,8.269453e-001,8.331548e-001,8.394766e-001,8.458944e-001,8.523919e-001,8.589533e-001,8.655632e-001,8.722063e-001,8.788681e-001,8.855346e-001,8.921923e-001,8.988285e-001,9.054312e-001,9.119891e-001,9.184917e-001,9.249295e-001,9.312936e-001,9.375762e-001,9.437704e-001,9.498702e-001,9.558704e-001,9.617670e-001,9.675569e-001,9.732378e-001,9.788086e-001,9.842690e-001,9.896198e-001,9.948625e-001,1.000000e+000
9800,980.000000,7.538074e-001,7.539871e-001,7.545263e-001,7.554231e-001,7.566744e-001,7.582760e-001,7.602225e-001,7.625073e-001,7.651229e-001,7.680606e-001,7.713108e-001,7.748628e-001,7.787051e-001,7.828256e-001,7.872110e-001,7.918477e-001,7.967213e-001,8.018169e-001,8.071194e-001,8.126129e-001,8.182816e-001,8.241094e-001,8.300799e-001,8.361770e-001,8.423843e-001,8.486859e-001,8.550658e-001,8.615085e-001,8.679986e-001,8.745214e-001,8.810626e-001,8.876083e-001,8.941454e-001,9.006615e-001,9.071445e-001,9.135836e-001,9.199685e-001,9.262896e-001,9.325384e-001,9.387072e-001,9.447892e-001,9.507784e-001,9.566700e-001,9.624598e-001,9.681447e-001,9.737227e-001,9.791926e-001,9.845540e-001,9.898078e-001,9.949556e-001,1.000000e+000
9900,990.000000,7.582649e-001,7.584414e-001,7.589709e-001,7.598515e-001,7.610802e-001,7.626528e-001,7.645641e-001,7.668076e-001,7.693759e-001,7.722605e-001,7.754519e-001,7.789396e-001,7.827125e-001,7.867584e-001,7.910645e-001,7.956173e-001,8.004027e-001,8.054062e-001,8.106127e-001,8.160068e-001,8.215729e-001,8.272952e-001,8.331577e-001,8.391444e-001,8.452394e-001,8.514269e-001,8.576913e-001,8.640172e-001,8.703899e-001,8.767945e-001,8.832173e-001,8.896444e-001,8.960632e-001,9.024612e-001,9.088268e-001,9.151493e-001,9.214184e-001,9.276251e-001,9.337607e-001,9.398177e-001,9.457895e-001,9.516702e-001,9.574550e-001,9.631399e-001,9.687219e-001,9.741988e-001,9.795696e-001,9.848339e-001,9.899925e-001,9.950470e-001,1.000000e+000
10000,1000.000000,7.626419e-001,7.628153e-001,7.633352e-001,7.641998e-001,7.654063e-001,7.669505e-001,7.688272e-001,7.710301e-001,7.735520e-001,7.763844e-001,7.795180e-001,7.829427e-001,7.866473e-001,7.906200e-001,7.948482e-001,7.993186e-001,8.040175e-001,8.089304e-001,8.140427e-001,8.193392e-001,8.248046e-001,8.304233e-001,8.361797e-001,8.420580e-001,8.480426e-001,8.541181e-001,8.602691e-001,8.664805e-001,8.727377e-001,8.790265e-001,8.853328e-001,8.916436e-001,8.979461e-001,9.042282e-001,9.104785e-001,9.166865e-001,9.228421e-001,9.289363e-001,9.349607e-001,9.409081e-001,9.467717e-001,9.525459e-001,9.582258e-001,9.638077e-001,9.692886e-001,9.746663e-001,9.799397e-001,9.851087e-001,9.901738e-001,9.951368e-001,1.000000e+000
